RETURN_VERSION,RETURN_TIMESTAMP,TAX_PERIOD_BEGIN,TAX_PERIOD_END,TAX_YEAR,EIN_XML,ORGANIZATION_NAME,ADDRESS_LINE_1,ADDRESS_LINE_2,CITY,STATE,ZIP_CODE,MISSION,FORMATION_YEAR,WEBSITE,TOTAL_EMPLOYEES,TOTAL_VOLUNTEERS,CONTRIBUTIONS_GRANTS,PROGRAM_SERVICE_REVENUE,INVESTMENT_INCOME,OTHER_REVENUE,TOTAL_REVENUE,GRANTS_PAID,SALARIES_COMPENSATION_BENEFITS,TOTAL_EXPENSES,TOTAL_ASSETS_BOY,TOTAL_ASSETS_EOY,TOTAL_LIABILITIES_BOY,TOTAL_LIABILITIES_EOY,NET_ASSETS_BOY,NET_ASSETS_EOY,FILING_YEAR,OBJECT_ID,XML_FILENAME,ARCHIVE_FILENAME,XML_LOCAL_PATH,OPERATING_SURPLUS,ASSET_CHANGE,NET_ASSET_CHANGE,TAX_YEAR_ANALYSIS,PERIOD_DAYS,SHORT_PERIOD_FLAG,LONG_PERIOD_FLAG,COMPARABLE_FULL_YEAR,NEGATIVE_LIABILITIES_FLAG,NEGATIVE_NET_ASSETS_FLAG,ZERO_ASSETS_FLAG,PERIOD_LENGTH_DEVIATION,OPERATING_MARGIN,CONTRIBUTION_REVENUE_SHARE,PROGRAM_SERVICE_REVENUE_SHARE,LIABILITIES_TO_ASSETS,DATA_QUALITY_FLAG_COUNT
2021v4.2,2022-05-16T13:04:35-05:00,2021-01-01,2021-12-31,2021,203584556,CHILDS PLAY,9660 153RD AVE NE,,REDMOND,WA,98052,CHILD'S PLAY IMPROVES THE LIVES OF CHILDREN THROUGH THE POWER OF PLAY.,2005.0,WWW.CHILDSPLAYCHARITY.ORG,5,29.0,3781650,0,312600,31089,4125339,3022839,548872,4088187,12331499.0,14460372,484345.0,1162693,11847154.0,13297679,2022,202211369349308296,202211369349308296_public.xml,2022_TEOS_XML_01A.zip,data/raw/form990_xml/2022/202211369349308296_public.xml,37152,2128873.0,1450525.0,2021,365,False,False,True,False,False,False,0,0.009005805341088332,0.9166883012523335,0.0,0.08040546951350906,0
2022v5.0,2023-09-21T16:10:04-05:00,2022-01-01,2022-12-31,2022,203584556,CHILD'S PLAY,9660 153RD AVE NE,,REDMOND,WA,98052,CHILD'S PLAY IMPROVES THE LIVES OF CHILDREN THROUGH THE POWER OF PLAY.,2005.0,WWW.CHILDSPLAYCHARITY.ORG,6,79.0,4000471,0,397030,-1047,4396454,2469391,570226,3737000,14460372.0,14022478,1162693.0,1036628,13297679.0,12985850,2023,202322649349301912,202322649349301912_public.xml,2023_TEOS_XML_09A.zip,data/raw/form990_xml/2023/202322649349301912_public.xml,659454,-437894.0,-311829.0,2022,365,False,False,True,False,False,False,0,0.14999679286989015,0.9099312764332346,0.0,0.07392616340706686,0
2023v5.0,2024-05-15T17:51:19-05:00,2023-01-01,2023-12-31,2023,203584556,CHILD'S PLAY,9660 153RD AVE NE,,REDMOND,WA,98052,CHILD'S PLAY IMPROVES THE LIVES OF CHILDREN THROUGH THE POWER OF PLAY.,2005.0,WWW.CHILDSPLAYCHARITY.ORG,7,105.0,3337648,0,405492,-28460,3714680,2426801,687967,3761769,14022478.0,14800858,1036628.0,1113828,12985850.0,13687030,2024,202411369349316421,202411369349316421_public.xml,2024_TEOS_XML_05A.zip,data/raw/form990_xml/2024/202411369349316421_public.xml,-47089,778380.0,701180.0,2023,365,False,False,True,False,False,False,0,-0.012676462037106831,0.8985021590015829,0.0,0.0752542859339641,0
2021v4.2,2022-07-14T16:18:25-05:00,2021-01-01,2021-12-31,2021,208511728,DAUGHTERS OF THE NILE FOUNDATION,4030 55TH AVE SW,,SEATTLE,WA,981163641,"THE DAUGHTERS OF THE NILE FOUNDATION IS A 501(3)C NONPROFIT CORPORATION OF VOLUNTEER WOMEN DEDICATED TO THE GROWTH OF ITS PERMANENT ENDOWMENT AND, THROUGH ITS ANNUAL DISTRIBUTION, BENEFITS SHRINERS HOSPITALS FOR CHILDREN.",2007.0,WWW.DONFDN.ORG,0,20.0,1259664,0,2928243,0,4187907,2000000,0,2322410,37299840.0,41547937,1638558.0,1862900,35661282.0,39685037,2022,202201959349302315,202201959349302315_public.xml,2022_TEOS_XML_01A.zip,data/raw/form990_xml/2022/202201959349302315_public.xml,1865497,4248097.0,4023755.0,2021,365,False,False,True,False,False,False,0,0.44544852595819345,0.3007860489738669,0.0,0.044837364608500296,0
2022v5.0,2023-07-13T14:10:38-05:00,2022-01-01,2022-12-31,2022,208511728,DAUGHTERS OF THE NILE FOUNDATION,4030 55TH AVE SW,,SEATTLE,WA,981163641,"THE DAUGHTERS OF THE NILE FOUNDATION IS A 501(3)C NONPROFIT CORPORATION OF VOLUNTEER WOMEN DEDICATED TO THE GROWTH OF ITS PERMANENT ENDOWMENT AND, THROUGH ITS ANNUAL DISTRIBUTION, BENEFITS SHRINERS HOSPITALS FOR CHILDREN.",2007.0,WWW.DONFDN.ORG,0,30.0,1522108,0,5589183,0,7111291,2100000,0,2524617,41547937.0,35013234,1862900.0,1636732,39685037.0,33376502,2023,202311949349301131,202311949349301131_public.xml,2023_TEOS_XML_07A.zip,data/raw/form990_xml/2023/202311949349301131_public.xml,4586674,-6534703.0,-6308535.0,2022,365,False,False,True,False,False,False,0,0.6449847151522838,0.21404102293099805,0.0,0.04674609606184907,0
2023v5.1,2024-11-11T18:56:10-06:00,2023-01-01,2023-12-31,2023,208511728,DAUGHTERS OF THE NILE FOUNDATION,4030 55TH AVE SW,,SEATTLE,WA,981163641,"THE DAUGHTERS OF THE NILE FOUNDATION IS A 501(3)C NONPROFIT CORPORATION OF VOLUNTEER WOMEN DEDICATED TO THE GROWTH OF ITS PERMANENT ENDOWMENT AND, THROUGH ITS ANNUAL DISTRIBUTION, BENEFITS SHRINERS HOSPITALS FOR CHILDREN.",2007.0,WWW.DONFDN.ORG,0,30.0,1438321,0,1011311,0,2449632,2157100,0,2588936,35013234.0,37998121,1636732.0,1764897,33376502.0,36233224,2024,202433169349306423,202433169349306423_public.xml,2024_TEOS_XML_11A.zip,data/raw/form990_xml/2024/202433169349306423_public.xml,-139304,2984887.0,2856722.0,2023,365,False,False,True,False,False,False,0,-0.056867317213361024,0.5871579894449452,0.0,0.04644695457441172,0
2020v4.2,2022-04-04T17:56:55-05:00,2020-07-01,2021-06-30,2020,237082323,CENTER FOR HUMAN SERVICES,17018 15TH AVENUE NE,,SHORELINE,WA,98155,TO PROVIDE MENTAL HEALTH AND SUBSTANCE USE DISORDER COUNSELING AND FAMILY SUPPORT SERVICES.,1984.0,WWW.CHS-NW.ORG,167,50.0,4142271,7236546,15311,-33019,11361109,2380,6746889,8143290,8612698.0,9829499,3528941.0,1527923,5083757.0,8301576,2022,202220949349300342,202220949349300342_public.xml,2022_TEOS_XML_01A.zip,data/raw/form990_xml/2022/202220949349300342_public.xml,3217819,1216801.0,3217819.0,2021,365,False,False,True,False,False,False,0,0.2832310648546722,0.3646009381654555,0.6369577124909197,0.1554426120802291,0
2021v4.2,2023-05-04T15:29:57-05:00,2021-07-01,2022-06-30,2021,237082323,CENTER FOR HUMAN SERVICES,17018 15TH AVENUE NE,,SHORELINE,WA,98155,TO PROVIDE MENTAL HEALTH AND SUBSTANCE USE DISORDER COUNSELING AND FAMILY SUPPORT SERVICES.,1984.0,WWW.CHS-NW.ORG,176,50.0,3233961,6538129,15398,-21594,9765894,1299,7392197,9028631,9829499.0,9895599,1527923.0,856760,8301576.0,9038839,2023,202341249349302709,202341249349302709_public.xml,2023_TEOS_XML_05A.zip,data/raw/form990_xml/2023/202341249349302709_public.xml,737263,66100.0,737263.0,2022,365,False,False,True,False,False,False,0,0.07549365168206823,0.3311484847162994,0.6694859682073141,0.08657990284367828,0
2022v5.0,2024-03-28T16:28:33-05:00,2022-07-01,2023-06-30,2022,237082323,CENTER FOR HUMAN SERVICES,17018 15TH AVENUE NE,,SHORELINE,WA,98155,TO PROVIDE MENTAL HEALTH AND SUBSTANCE USE DISORDER COUNSELING AND FAMILY SUPPORT SERVICES.,1984.0,WWW.CHS-NW.ORG,180,50.0,5066190,8212685,87843,-6447,13360271,6603,10054479,12158655,9895599.0,12323784,856760.0,2083329,9038839.0,10240455,2024,202430889349300518,202430889349300518_public.xml,2024_TEOS_XML_04A.zip,data/raw/form990_xml/2024/202430889349300518_public.xml,1201616,2428185.0,1201616.0,2023,365,False,False,True,False,False,False,0,0.08993949299381726,0.379198146504663,0.6147094621059708,0.16904945753674358,0
2021v4.0,2023-11-16T12:47:38-05:00,2021-01-01,2021-12-31,2021,237100868,COUNTRY DOCTOR COMMUNITY CLINIC,2101 E YESLER WAY SE STE 210,,SEATTLE,WA,98122,"TO IMPROVE THE HEALTH OF OUR COMMUNITY BY PROVIDING HIGH QUALITY, CARING, CULTURALLY APPROPRIATE PRIMARY HEALTH CARE THAT ADDRESSES THE NEEDS OF PEOPLE, REGARDLESS OF THEIR ABILITY TO PAY.",1971.0,CDCHC.ORG,302,41.0,9797728,22650899,16490,542435,33007552,4453,21097283,33443771,30444919.0,31082020,13711619.0,14785071,16733300.0,16296949,2023,202303209349302630,202303209349302630_public.xml,2023_TEOS_XML_11A.zip,data/raw/form990_xml/2023/202303209349302630_public.xml,-436219,637101.0,-436351.0,2021,365,False,False,True,False,False,False,0,-0.013215733175244259,0.296832918721146,0.6862338352144381,0.4756792190468959,0
2022v5.0,2023-11-27T17:26:03-05:00,2022-01-01,2022-12-31,2022,237100868,COUNTRY DOCTOR COMMUNITY CLINIC,2101 E YESLER WAY SE STE 210,,SEATTLE,WA,98122,"TO IMPROVE THE HEALTH OF OUR COMMUNITY BY PROVIDING HIGH QUALITY, CARING, CULTURALLY APPROPRIATE PRIMARY HEALTH CARE THAT ADDRESSES THE NEEDS OF PEOPLE, REGARDLESS OF THEIR ABILITY TO PAY.",1971.0,CDCHC.ORG,309,65.0,9668398,24922551,-94055,684644,35181538,4481,21404305,35420648,31082020.0,30476117,14785071.0,14418278,16296949.0,16057839,2023,202323319349301202,202323319349301202_public.xml,2023_TEOS_XML_12A.zip,data/raw/form990_xml/2023/202323319349301202_public.xml,-239110,-605903.0,-239110.0,2022,365,False,False,True,False,False,False,0,-0.00679646239456615,0.2748145348278975,0.708398564042311,0.47310088749167095,0
2023v5.0,2024-11-14T15:13:14-05:00,2023-01-01,2023-12-31,2023,237100868,SEATTLE ROOTS COMMUNITY HEALTH,500 19TH AVE E,,SEATTLE,WA,981124072,"TO IMPROVE THE HEALTH OF OUR COMMUNITY BY PROVIDING HIGH QUALITY, CARING, CULTURALLY APPROPRIATE PRIMARY HEALTH CARE THAT ADDRESSES THE NEEDS OF PEOPLE, REGARDLESS OF THEIR ABILITY TO PAY.",1971.0,SEATTLEROOTS.ORG,321,11.0,10516157,25933906,65268,891354,37406685,0,23657219,40047319,30476117.0,25975281,14418278.0,12558076,16057839.0,13417205,2024,202413199349311191,202413199349311191_public.xml,2024_TEOS_XML_11A.zip,data/raw/form990_xml/2024/202413199349311191_public.xml,-2640634,-4500836.0,-2640634.0,2023,365,False,False,True,False,False,False,0,-0.07059256921590353,0.2811304182661468,0.6932960244940176,0.4834625658140137,0
2021v4.0,2022-05-17T16:32:22-05:00,2021-01-01,2021-12-31,2021,237302952,ALANO CLUB OF THE EASTSIDE,12302 NE 8TH ST,,BELLEVUE,WA,98005,PROVIDE A CLEAN AND SOBER ENVIRONMENT FOR RECOVERING ALCOHOLICS AND THEIR FAMILIES TO MEET AND SOCIALIZE WITH OTHER PERSONS IN ADDICTION RECOVERY. ALSO PROVIDE MEETING ROOMS FOR REGULAR AND FREQUENT MEETINGS OF AA AND OTHER RECOVERY GROUPS.,1973.0,ALANOCLUBOFTHEEASTSIDE.COM,6,8.0,77121,30522,362,23324,131329,0,68159,136580,455650.0,456864,23879.0,30344,431771.0,426520,2022,202241379349301794,202241379349301794_public.xml,2022_TEOS_XML_01A.zip,data/raw/form990_xml/2022/202241379349301794_public.xml,-5251,1214.0,-5251.0,2021,365,False,False,True,False,False,False,0,-0.03998355275681685,0.5872351118184103,0.23240868353524355,0.06641801498914338,0
2022v5.0,2023-05-08T12:23:36-04:00,2022-01-01,2022-12-31,2022,237302952,ALANO CLUB OF THE EASTSIDE,12302 NE 8TH ST,,BELLEVUE,WA,98005,PROVIDE A CLEAN AND SOBER ENVIRONMENT FOR RECOVERING ALCOHOLICS AND THEIR FAMILIES TO MEET AND SOCIALIZE WITH OTHER PERSONS IN ADDICTION RECOVERY. ALSO PROVIDE MEETING ROOMS FOR REGULAR AND FREQUENT MEETINGS OF AA AND OTHER RECOVERY GROUPS.,1973.0,ALANOCLUBOFTHEEASTSIDE.COM,5,,88336,48575,372,30200,167483,0,87344,167518,456864.0,464679,30344.0,38193,426520.0,426486,2023,202321289349302057,202321289349302057_public.xml,2023_TEOS_XML_05A.zip,data/raw/form990_xml/2023/202321289349302057_public.xml,-35,7815.0,-34.0,2022,365,False,False,True,False,False,False,0,-0.00020897643342906444,0.5274326349539953,0.2900294358233373,0.08219222301847082,0
2023v5.0,2024-05-13T19:59:19-04:00,2023-01-01,2023-12-31,2023,237302952,ALANO CLUB OF THE EASTSIDE,12302 NE 8TH ST,,BELLEVUE,WA,98005,PROVIDE A CLEAN AND SOBER ENVIRONMENT FOR RECOVERING ALCOHOLICS AND THEIR FAMILIES TO MEET AND SOCIALIZE WITH OTHER PERSONS IN ADDICTION RECOVERY. ALSO PROVIDE MEETING ROOMS FOR REGULAR AND FREQUENT MEETINGS OF AA AND OTHER RECOVERY GROUPS.,1973.0,ALANOCLUBOFTHEEASTSIDE.COM,9,,104877,58700,-411,36699,199865,0,94345,166967,464679.0,482562,38193.0,23177,426486.0,459385,2024,202401349349309420,202401349349309420_public.xml,2024_TEOS_XML_05A.zip,data/raw/form990_xml/2024/202401349349309420_public.xml,32898,17883.0,32899.0,2023,365,False,False,True,False,False,False,0,0.16460110574637882,0.5247391989592975,0.29369824631626346,0.04802906155064012,0
2021v4.0,2022-05-27T19:55:03-05:00,2021-01-01,2021-12-31,2021,237427669,HEALTH CENTER VOLUNTEERS,PO BOX 1004 10010 210TH ST SW,,VASHON,WA,98070,"SUPPORT OF VASHON HEALTH CENTER, FOSTERING HEALTH RELATED CHARITABLE AND EDUCATIONAL NEEDS OF THE COMMUNITY.",1973.0,WWW.GRANNYSATTIC.ORG,17,,109441,892326,161,300,1002228,290982,503296,961419,192420.0,239394,17178.0,23343,175242.0,216051,2022,202211479349301261,202211479349301261_public.xml,2022_TEOS_XML_01A.zip,data/raw/form990_xml/2022/202211479349301261_public.xml,40809,46974.0,40809.0,2021,365,False,False,True,False,False,False,0,0.0407182796728888,0.10919770750767291,0.8903423173170177,0.09750870949146595,0
2022v5.0,2023-11-14T16:11:59-05:00,2022-01-01,2022-12-31,2022,237427669,HEALTH CENTER VOLUNTEERS,PO BOX 1004 10010 210TH ST SW,,VASHON,WA,98070,"SUPPORT OF VASHON HEALTH CENTER, FOSTERING HEALTH RELATED CHARITABLE AND EDUCATIONAL NEEDS OF THE COMMUNITY.",2001.0,WWW.GRANNYSATTIC.ORG,20,,4705,899453,250,0,904408,220837,509409,905576,239394.0,238566,23343.0,23683,216051.0,214883,2023,202333189349313288,202333189349313288_public.xml,2023_TEOS_XML_11A.zip,data/raw/form990_xml/2023/202333189349313288_public.xml,-1168,-828.0,-1168.0,2022,365,False,False,True,False,False,False,0,-0.0012914525302739472,0.005202298077858666,0.9945212780072711,0.09927231877132534,0
2023v5.1,2024-11-15T13:46:44-05:00,2023-01-01,2023-12-31,2023,237427669,Health Center Volunteers,PO Box 1004,,Vashon,WA,98070,"Vashon Grannys Attic is a non=profit 501(c)(3) organization that contributes to the health and well being of Vashon Island residents by supporting other organizations focused on healthcare, food, secuirty and wellness through our grant programs.",2001.0,www.grannysattic.org,23,,3627,1063993,170,0,1067790,251821,545546,1060502,238566.0,227587,23683.0,5416,214883.0,222171,2024,202423209349313552,202423209349313552_public.xml,2024_TEOS_XML_11A.zip,data/raw/form990_xml/2024/202423209349313552_public.xml,7288,-10979.0,7288.0,2023,365,False,False,True,False,False,False,0,0.0068253120932018465,0.0033967353131233668,0.9964440573521011,0.023797492826918936,0
2021v4.1,2022-06-24T11:44:54-07:00,2021-01-01,2021-12-31,2021,262185614,CHRIS ELLIOTT FUND,16150 NE 85TH ST 201,,REDMOND,WA,98052,"THE CHRIS ELLIOTT FUND,DBA,ENDBRAINCANCER INITIATIVE (EBCI) IS DEDICATED TO INCREASING PATIENT SURVIVORSHIP BY EMPOWERING PATIENTS BY CLOSING THE EXISTING GAP FROM INITIAL DIAGNOSIS TO IMMEDIATE AND EXPANDED ACCESS TO ADVANCED TREATMENT MODALITIES, CLINICAL TRIALS, SPECIALISTS, CRITICAL CARE THROUGH DISEASE EDUCATION, INSERTING THE PATIENT VOICE INTO CLINICAL TRIAL DEVELOPMENT AND SUPPORTING PATIENTS WITH INDIVIDUAL CASE MANAGEMENT.",2008.0,www.ENDBRAINCANCER.ORG,1,11.0,354975,0,0,0,354975,600,117799,334079,6692.0,42059,20190.0,1500,-13498.0,40559,2022,202231759349300923,202231759349300923_public.xml,2022_TEOS_XML_01A.zip,data/raw/form990_xml/2022/202231759349300923_public.xml,20896,35367.0,54057.0,2021,365,False,False,True,False,False,False,0,0.058866117332206494,1.0,0.0,0.035664186024394307,0
2022v5.0,2023-11-01T18:31:06-05:00,2022-01-01,2022-12-31,2022,262185614,CHRIS ELLIOTT FUND,16150 NE 85TH STREET 201,,REDMOND,WA,98052,"CHRIS ELLIOTT FUND (DBA - THE ENDBRAINCANCER INITIATIVE) IS DEDICATED TO ENSURING THAT ALL PATIENTS DIAGNOSED WITH BRAIN CANCER, A BRAIN TUMOR, OR METASTATIC DISEASE TO THE BRAIN HAVE EQUAL ACCESS TO ADVANCED DIAGNOSTICS, FDA-APPROVED TREATMENTS, SPECIALISTS, AND CLINICAL TRIALS. WE BELIEVE THAT IMMEDIATE ACCESS TO THESE OPTIONS PROVIDES THE PATIENT COMMUNITY WITH THE BEST HOPE FOR SURVIVAL AND SUSTAINED QUALITY OF LIFE. WE ADVOCATE FOR POLICY AND CARE IMPROVEMENTS WHILE ECHOING THE PATIENT'S VOICE IN CLINICAL TRIAL PROTOCOL. WE PARTNER WITH INDUSTRY, PATIENTS, RESEARCHERS, ADVOCACY GROUPS, MEDICAL TEAMS, HOSPITAL NETWORKS AND OTHERS TO EDUCATE PATIENTS AND THEIR CAREGIVERS WITH A FOCUS ON NEXT GENERATION SEQUENCING SO THEY CAN HAVE EMPOWERED CONVERSATIONS WITH MEDICAL TEAMS.",2008.0,ENDBRAINCANCER.ORG,2,14.0,449288,0,0,0,449288,0,129148,394336,42059.0,97011,1500.0,1500,40559.0,95511,2023,202323059349302232,202323059349302232_public.xml,2023_TEOS_XML_11A.zip,data/raw/form990_xml/2023/202323059349302232_public.xml,54952,54952.0,54952.0,2022,365,False,False,True,False,False,False,0,0.12230907569309664,1.0,0.0,0.015462164084485265,0
2023v5.1,2024-09-16T11:48:08-05:00,2023-01-01,2023-12-31,2023,262185614,CHRIS ELLIOTT FUND,16150 NE 85TH STREET 201,,REDMOND,WA,98052,"CHRIS ELLIOTT FUND (DBA - THE ENDBRAINCANCER INITIATIVE) IS DEDICATED TO ENSURING THAT ALL PATIENTS DIAGNOSED WITH BRAIN CANCER, A BRAIN TUMOR, OR METASTATIC DISEASE TO THE BRAIN HAVE EQUAL ACCESS TO ADVANCED DIAGNOSTICS, FDA-APPROVED TREATMENTS, SPECIALISTS, AND CLINICAL TRIALS. WE BELIEVE THAT IMMEDIATE ACCESS TO THESE OPTIONS PROVIDES THE PATIENT COMMUNITY WITH THE BEST HOPE FOR SURVIVAL AND SUSTAINED QUALITY OF LIFE. WE ADVOCATE FOR POLICY AND CARE IMPROVEMENTS WHILE ECHOING THE PATIENT'S VOICE IN CLINICAL TRIAL PROTOCOL. WE PARTNER WITH INDUSTRY, PATIENTS, RESEARCHERS, ADVOCACY GROUPS, MEDICAL TEAMS, HOSPITAL NETWORKS AND OTHERS TO EDUCATE PATIENTS AND THEIR CAREGIVERS WITH A FOCUS ON NEXT GENERATION SEQUENCING SO THEY CAN HAVE EMPOWERED CONVERSATIONS WITH MEDICAL TEAMS.",2008.0,ENDBRAINCANCER.ORG,6,14.0,563177,31422,1,0,594600,0,291321,632438,97011.0,88997,1500.0,31324,95511.0,57673,2024,202422609349301317,202422609349301317_public.xml,2024_TEOS_XML_09A.zip,data/raw/form990_xml/2024/202422609349301317_public.xml,-37838,-8014.0,-37838.0,2023,365,False,False,True,False,False,False,0,-0.0636360578540195,0.9471527077026572,0.05284561049445005,0.3519669202332663,0
2020v4.2,2022-04-06T12:21:48-05:00,2020-07-01,2021-06-30,2020,263813271,LABORATORY SERVICES COOPERATIVE,2001 E MADISON STREET,,SEATTLE,WA,98122,TO PERFORM LABORATORY SERVICES ON A CENTRALIZED AND COOPERATIVE BASIS FOR ITS MEMBERS.,2008.0,,0,16.0,404216,17366588,0,3010,17773814,0,152186,8183844,4070103.0,4467704,1011281.0,1249184,3058822.0,3218520,2022,202210969349300536,202210969349300536_public.xml,2022_TEOS_XML_01A.zip,data/raw/form990_xml/2022/202210969349300536_public.xml,9589970,397601.0,159698.0,2021,365,False,False,True,False,False,False,0,0.5395561132799072,0.022742220662374434,0.9770884290788685,0.2796031250055957,0
2021v4.2,2023-05-12T16:10:06-05:00,2021-07-01,2022-06-30,2021,263813271,LABORATORY SERVICES COOPERATIVE,2001 E MADISON STREET,,SEATTLE,WA,98122,TO PERFORM LABORATORY SERVICES ON A CENTRALIZED AND COOPERATIVE BASIS FOR ITS MEMBERS.,2008.0,,0,13.0,15000,18394595,0,4744,18414339,0,152186,8413702,4467704.0,3888192,1249184.0,1271727,3218520.0,2616465,2023,202341329349305789,202341329349305789_public.xml,2023_TEOS_XML_05A.zip,data/raw/form990_xml/2023/202341329349305789_public.xml,10000637,-579512.0,-602055.0,2022,365,False,False,True,False,False,False,0,0.5430896542091465,0.0008145825924025837,0.9989277920863736,0.32707412596908797,0
2022v5.0,2024-03-13T15:37:41-05:00,2022-07-01,2023-06-30,2022,263813271,LABORATORY SERVICES COOPERATIVE,2001 E MADISON STREET,,SEATTLE,WA,98122,TO PERFORM LABORATORY SERVICES ON A CENTRALIZED AND COOPERATIVE BASIS FOR ITS MEMBERS.,2008.0,,0,11.0,0,18302780,0,807,18303587,0,204131,8184033,3888192.0,7115768,1271727.0,3925235,2616465.0,3190533,2024,202430739349300948,202430739349300948_public.xml,2024_TEOS_XML_03A.zip,data/raw/form990_xml/2024/202430739349300948_public.xml,10119554,3227576.0,574068.0,2023,365,False,False,True,False,False,False,0,0.5528727237999852,0.0,0.999955910281411,0.5516249265012575,0
2020v4.0,2022-10-10T16:34:29-07:00,2020-07-01,2021-06-30,2020,264098401,FRIENDS OF RECOVERY CAFE,2022 BOREN AVE,,SEATTLE,WA,98121,Supporting Organization for the support and benefit of Recovery Cafe,2009.0,www.recoverycafe.org,0,13.0,314606,270000,845229,0,1429835,1109762,0,1458965,34855687.0,39172211,939739.0,1122607,33915948.0,38049604,2022,202212839349300721,202212839349300721_public.xml,2022_TEOS_XML_01A.zip,data/raw/form990_xml/2022/202212839349300721_public.xml,-29130,4316524.0,4133656.0,2021,365,False,False,True,False,False,False,0,-0.020372980099102343,0.22002958383309962,0.1888329772316386,0.028658249594336146,0
2021v4.1,2023-04-10T12:13:07-07:00,2021-07-01,2022-06-30,2021,264098401,FRIENDS OF RECOVERY CAFE,2022 BOREN AVE,,SEATTLE,WA,98121,Supporting Organization for the support and benefit of Recovery Cafe,2009.0,www.recoverycafe.org,0,13.0,0,270000,763622,0,1033622,1191944,0,1571842,39172211.0,36226585,1122607.0,1678841,38049604.0,34547744,2023,202321009349300842,202321009349300842_public.xml,2023_TEOS_XML_04A.zip,data/raw/form990_xml/2023/202321009349300842_public.xml,-538220,-2945626.0,-3501860.0,2022,365,False,False,True,False,False,False,0,-0.5207126009314818,0.0,0.26121735024989795,0.046342789418323586,0
2022v5.0,2024-04-22T12:42:47-07:00,2022-07-01,2023-06-30,2022,264098401,FRIENDS OF RECOVERY CAFE,2022 BOREN AVE,,SEATTLE,WA,98121,Supporting Organization for the support and benefit of Recovery Cafe,2009.0,www.recoverycafe.org,0,18.0,7715341,270000,801930,0,8787271,2420172,0,2779032,36226585.0,44320886,1678841.0,2520380,34547744.0,41800506,2024,202421139349301702,202421139349301702_public.xml,2024_TEOS_XML_04A.zip,data/raw/form990_xml/2024/202421139349301702_public.xml,6008239,8094301.0,7252762.0,2023,365,False,False,True,False,False,False,0,0.6837434511806908,0.878013321769637,0.03072626302295673,0.05686664296377108,0
2021v4.0,2022-07-26T07:58:48-07:00,2021-01-01,2021-12-31,2021,264161135,ABSOLUTE MINISTRIES,1402 LAKE TAPPS PKWY E STE 104-276,,AUBURN,WA,98092,PROVIDE TRANSITIONAL SUPPORT OF HOUSING AND TRAINING TO PEOPLE WHO HAVE STRUGGLED WITH ANY LIFE CONTROLLIING PROBLEM.,2009.0,www.absoluteministries.org,10,75.0,619857,321144,40,16899,957940,0,380587,830048,167935.0,298856,7159.0,8703,160776.0,290153,2022,202212079349300021,202212079349300021_public.xml,2022_TEOS_XML_01A.zip,data/raw/form990_xml/2022/202212079349300021_public.xml,127892,130921.0,129377.0,2021,365,False,False,True,False,False,False,0,0.13350731778608263,0.6470728855669458,0.3352443785623317,0.0291210482640469,0
2022v5.0,2023-11-08T13:49:47-06:00,2022-01-01,2022-12-31,2022,264161135,Absolute Ministries,1402 Lake Tapps Pkwy E Ste 104-276,,Auburn,WA,98092,Provide transitional support of housing and training to people who have struggled with any life controlling problems.,2009.0,https://www.absoluteministries.org/,11,75.0,839371,457595,54,-32478,1264542,0,441447,970431,298856.0,658487,8703.0,74451,290153.0,584036,2023,202343129349302434,202343129349302434_public.xml,2023_TEOS_XML_11A.zip,data/raw/form990_xml/2023/202343129349302434_public.xml,294111,359631.0,293883.0,2022,365,False,False,True,False,False,False,0,0.23258302215347532,0.6637747105276061,0.36186619345185844,0.113063735502751,0
2023v4.0,2024-02-09T12:13:58-06:00,2023-01-01,2023-12-31,2023,264161135,Absolute Ministries,1402 Lake Tapps Pkwy E Ste 104-276,,Auburn,WA,98092,Provide transitional support of housing and training to people who have struggled with any life controlling problems.,2009.0,https://www.absoluteministries.org/,16,75.0,682661,589461,7082,-80730,1198474,0,597491,1176370,658487.0,649295,74451.0,42891,584036.0,606404,2024,202420409349300642,202420409349300642_public.xml,2024_TEOS_XML_02A.zip,data/raw/form990_xml/2024/202420409349300642_public.xml,22104,-9192.0,22368.0,2023,365,False,False,True,False,False,False,0,0.018443453925575358,0.5696085188331161,0.4918429602978454,0.06605780115355886,0
2020v4.0,2022-03-30T11:55:56-07:00,2020-09-01,2021-08-31,2020,271098473,HOPECENTRAL,3826 S Othello St,,Seattle,WA,98118,"HopeCentral offers pediatric and behavioral health primary care and services for neurodevelopmental disability in south Seattle to all families regardless of income. We also provide training, education, and support to community members and health providers in the areas of autism and developmental disability. Our mission is to ""Share the love of Jesus through excellent, enhanced primary care for the entire community.""",2009.0,www.hopecentralhealth.org,14,13.0,339716,678223,331,0,1018270,0,802848,1021418,423927.0,420779,0.0,0,423927.0,420779,2022,202230959349301403,202230959349301403_public.xml,2022_TEOS_XML_01A.zip,data/raw/form990_xml/2022/202230959349301403_public.xml,-3148,-3148.0,-3148.0,2021,365,False,False,True,False,False,False,0,-0.003091517966747523,0.3336207489172813,0.6660541899496204,0.0,0
2021v4.0,2023-06-19T14:56:25-07:00,2021-09-01,2022-08-31,2021,271098473,HOPECENTRAL,3505 S Juneau St,,Seattle,WA,98118,"HopeCentral offers pediatric and behavioral health primary care and services for neurodevelopmental disability in south Seattle to all families regardless of income. We also provide training, education, and support to community members and health providers in the areas of autism and developmental disability. Our mission is to ""Share the love of Jesus through excellent, enhanced primary care for the entire community.""",2009.0,www.hopecentralhealth.org,14,12.0,471409,763392,319,0,1235120,0,988339,1284518,420779.0,371381,0.0,0,420779.0,371381,2023,202311719349300401,202311719349300401_public.xml,2023_TEOS_XML_06A.zip,data/raw/form990_xml/2023/202311719349300401_public.xml,-49398,-49398.0,-49398.0,2022,365,False,False,True,False,False,False,0,-0.039994494462076556,0.38167060690459226,0.618071118595764,0.0,0
2022v5.0,2024-07-12T18:42:12-07:00,2022-09-01,2023-08-31,2022,271098473,HOPECENTRAL,3505 S Juneau St,,Seattle,WA,98118,"HopeCentral offers pediatric and behavioral health primary care in south Seattle to all families regardless of income. We also provide training, education, and support to community members and health providers in the areas of autism and developmental disability. Our mission is to ""Share the love of Jesus through excellent, enhanced primary care for the entire community.""",2009.0,www.hopecentralhealth.org,8,11.0,334822,1595004,469,20,1930315,0,1570202,2149581,371381.0,274824,0.0,122709,371381.0,152115,2024,202441979349300309,202441979349300309_public.xml,2024_TEOS_XML_07A.zip,data/raw/form990_xml/2024/202441979349300309_public.xml,-219266,-96557.0,-219266.0,2023,365,False,False,True,False,False,False,0,-0.11359078699590482,0.17345459160810542,0.8262920818622868,0.4465003056501616,0
2021v4.0,2022-07-26T12:26:58-07:00,2021-01-01,2021-12-31,2021,272314726,Washington Global Health Alliance,1809 7th Avenue 1000,,Seattle,WA,98101,"WGHA brings members together through events and conversations designed to advance common goals, share best practices, and foster collaboration.",2010.0,http://www.wghalliance.org/,8,11.0,227809,88875,1340,-28821,289203,29250,493867,795864,966671.0,372761,142765.0,55516,823906.0,317245,2022,202222079349301712,202222079349301712_public.xml,2022_TEOS_XML_01A.zip,data/raw/form990_xml/2022/202222079349301712_public.xml,-506661,-593910.0,-506661.0,2021,365,False,False,True,False,False,False,0,-1.7519216605636871,0.7877131288402955,0.3073100901442931,0.14893188933391638,0
2022v5.0,2023-11-08T16:21:46-06:00,2022-01-01,2022-12-31,2022,272314726,WASHINGTON GLOBAL HEALTH ALLIANCE,1645 140TH AVE NE STE A4 1042,,BELLEVUE,WA,98005,"WGHA BRINGS MEMBERS TOGETHER THROUGH EVENTS AND CONVERSATIONS DESIGNED TO ADVANCE COMMON GOALS, SHARE BEST PRACTICES, AND FOSTER COLLABORATION.",2010.0,HTTP://WWW.WGHALLIANCE.ORG/,6,11.0,960650,92000,469,3381,1056500,0,543565,783226,372761.0,615574,55516.0,36706,317245.0,578868,2023,202333129349304958,202333129349304958_public.xml,2023_TEOS_XML_11A.zip,data/raw/form990_xml/2023/202333129349304958_public.xml,273274,242813.0,261623.0,2022,365,False,False,True,False,False,False,0,0.2586597255087553,0.9092759110269759,0.08707998106956934,0.05962889920626927,0
2023v5.1,2024-10-15T11:02:58-05:00,2023-01-01,2023-12-31,2023,272314726,WASHINGTON GLOBAL HEALTH ALLIANCE,7345 164TH AVE NE STE I145 1455,,REDMOND,WA,98052,"WGHA BRINGS MEMBERS TOGETHER THROUGH EVENTS AND CONVERSATIONS DESIGNED TO ADVANCE COMMON GOALS, SHARE BEST PRACTICES, AND FOSTER COLLABORATION.",2010.0,HTTP://WWW.WGHALLIANCE.ORG/,5,11.0,226993,15250,41,-10856,231428,0,503376,693641,615574.0,195210,36706.0,66906,578868.0,128304,2024,202412899349301591,202412899349301591_public.xml,2024_TEOS_XML_10A.zip,data/raw/form990_xml/2024/202412899349301591_public.xml,-462213,-420364.0,-450564.0,2023,365,False,False,True,False,False,False,0,-1.99722159807802,0.9808363724354875,0.06589522443265292,0.34273858921161826,0
2021v4.2,2022-09-08T10:54:01-05:00,2021-01-01,2021-12-31,2021,273133200,GLOBAL TO LOCAL HEALTH INITIATIVE,2800 S 192ND ST 104,,SEATAC,WA,98188,SEE SCHEDULE O,2010.0,WWW.GLOBALTOLOCAL.ORG,22,20.0,1822748,114065,480,1725,1939018,34783,971913,1553434,2237818.0,2221351,623201.0,221150,1614617.0,2000201,2022,202232519349301408,202232519349301408_public.xml,2022_TEOS_XML_01A.zip,data/raw/form990_xml/2022/202232519349301408_public.xml,385584,-16467.0,385584.0,2021,365,False,False,True,False,False,False,0,0.19885529685645,0.940036657730872,0.05882616871014091,0.09955653113803267,0
2022v5.0,2023-10-03T17:34:04-05:00,2022-01-01,2022-12-31,2022,273133200,GLOBAL TO LOCAL HEALTH INITIATIVE,2800 S 192ND ST 104,,SEATAC,WA,98188,GLOBAL TO LOCAL'S MISSION IS TO ADVANCE HEALTH EQUITY AND IMPROVE HEALTH IN U.S. COMMUNITIES THROUGH THE APPLICATION OF BEST PRACTICES FROM AROUND THE WORLD.,2010.0,WWW.GLOBALTOLOCAL.ORG,19,20.0,1714550,109259,1885,101,1825795,152778,1185757,1859824,2221351.0,2997385,221150.0,1031213,2000201.0,1966172,2023,202302769349301145,202302769349301145_public.xml,2023_TEOS_XML_10A.zip,data/raw/form990_xml/2023/202302769349301145_public.xml,-34029,776034.0,-34029.0,2022,365,False,False,True,False,False,False,0,-0.018637908417976825,0.9390703775615554,0.05984187710011255,0.344037552733466,0
2023v5.1,2024-11-14T12:54:21-06:00,2023-01-01,2023-12-31,2023,273133200,GLOBAL TO LOCAL HEALTH INITIATIVE,2800 S 192ND ST 104,,SEATAC,WA,98188,GLOBAL TO LOCAL'S MISSION IS TO ADVANCE HEALTH EQUITY AND IMPROVE HEALTH IN U.S. COMMUNITIES THROUGH THE APPLICATION OF BEST PRACTICES FROM AROUND THE WORLD.,2010.0,WWW.GLOBALTOLOCAL.ORG,18,20.0,1473015,49769,16038,0,1538822,251704,1128027,1910139,2997385.0,2522833,1031213.0,927978,1966172.0,1594855,2024,202443199349308344,202443199349308344_public.xml,2024_TEOS_XML_11A.zip,data/raw/form990_xml/2024/202443199349308344_public.xml,-371317,-474552.0,-371317.0,2023,365,False,False,True,False,False,False,0,-0.24129951352398132,0.9572354697294424,0.032342272205622226,0.3678317193409156,0
2021v4.2,2022-06-21T12:42:43-05:00,2021-01-01,2021-12-31,2021,300745689,VITAL TALK,600 1ST AVE 605,,SEATTLE,WA,98104,TO NURTURE HEALTHIER CONNECTIONS BETWEEN PATIENTS AND CLINICIANS.,2012.0,WWW.VITALTALK.ORG,14,5.0,364052,1024438,477,2038,1391005,126445,646715,1617099,1828499.0,1907201,237260.0,551231,1591239.0,1355970,2022,202211729349300606,202211729349300606_public.xml,2022_TEOS_XML_01A.zip,data/raw/form990_xml/2022/202211729349300606_public.xml,-226094,78702.0,-235269.0,2021,365,False,False,True,False,False,False,0,-0.1625400340041912,0.2617186854109079,0.7364732693268536,0.289026169763963,0
2022v5.0,2023-09-14T10:25:02-05:00,2022-01-01,2022-12-31,2022,300745689,VITAL TALK,600 1ST AVE 605,,SEATTLE,WA,98104,TO NURTURE HEALTHIER CONNECTIONS BETWEEN PATIENTS AND CLINICIANS.,2012.0,WWW.VITALTALK.ORG,10,5.0,21115,1729627,3103,0,1753845,0,842792,1665983,1907201.0,2106969,551231.0,663137,1355970.0,1443832,2023,202312579349300441,202312579349300441_public.xml,2023_TEOS_XML_09A.zip,data/raw/form990_xml/2023/202312579349300441_public.xml,87862,199768.0,87862.0,2022,365,False,False,True,False,False,False,0,0.05009678734437764,0.01203926230653222,0.9861914821435189,0.31473505305488597,0
2023v5.1,2024-07-29T15:39:11-05:00,2023-01-01,2023-12-31,2023,300745689,VITAL TALK,600 1ST AVE 605,,SEATTLE,WA,98104,TO NURTURE HEALTHIER CONNECTIONS BETWEEN PATIENTS AND CLINICIANS.,2012.0,WWW.VITALTALK.ORG,11,5.0,135624,1510356,49934,0,1695914,9006,905990,2060640,2106969.0,1682977,663137.0,603871,1443832.0,1079106,2024,202432119349301323,202432119349301323_public.xml,2024_TEOS_XML_08A.zip,data/raw/form990_xml/2024/202432119349301323_public.xml,-364726,-423992.0,-364726.0,2023,365,False,False,True,False,False,False,0,-0.21506161279404498,0.07997103626716921,0.890585253733385,0.3588112018167806,0
2020v4.2,2022-05-13T16:04:17-05:00,2020-07-01,2021-06-30,2020,352262709,EDGE FOUNDATION,2017 FAIRVIEW AVENUE EAST STE I,,SEATTLE,WA,981027113,TO PROVIDE PERSONAL COACHES TO INDIVIDUALS WHO HAVE EXECUTIVE FUNCTION CHALLENGES AND THOSE WITH ADHD.,2005.0,WWW.EDGEFOUNDATION.ORG,2,0.0,596324,253661,0,0,849985,0,57901,1015201,385413.0,211527,73941.0,65271,311472.0,146256,2022,202221339349308472,202221339349308472_public.xml,2022_TEOS_XML_01A.zip,data/raw/form990_xml/2022/202221339349308472_public.xml,-165216,-173886.0,-165216.0,2021,365,False,False,True,False,False,False,0,-0.19437519485637983,0.7015700277063713,0.2984299722936287,0.3085705370945553,0
2021v4.2,2023-05-15T17:32:18-05:00,2021-07-01,2022-06-30,2021,352262709,EDGE FOUNDATION,2017 FAIRVIEW AVENUE EAST STE I,,SEATTLE,WA,981027113,TO PROVIDE PERSONAL COACHES TO INDIVIDUALS WHO HAVE EXECUTIVE FUNCTION CHALLENGES AND THOSE WITH ADHD.,2005.0,WWW.EDGEFOUNDATION.ORG,2,0.0,856312,339025,0,0,1195337,0,58356,1004566,211527.0,408202,65271.0,60336,146256.0,347866,2023,202341359349317764,202341359349317764_public.xml,2023_TEOS_XML_05A.zip,data/raw/form990_xml/2023/202341359349317764_public.xml,190771,196675.0,201610.0,2022,365,False,False,True,False,False,False,0,0.15959599677747782,0.716377055173562,0.2836229448264381,0.1478091729094909,0
2022v5.0,2024-05-15T10:24:02-05:00,2022-07-01,2023-06-30,2022,352262709,EDGE FOUNDATION,2017 FAIRVIEW AVENUE EAST STE I,,SEATTLE,WA,981027113,TO PROVIDE PERSONAL COACHES TO INDIVIDUALS WHO HAVE EXECUTIVE FUNCTION CHALLENGES AND THOSE WITH ADHD.,2005.0,WWW.EDGEFOUNDATION.ORG,2,0.0,230783,269934,32,4685,505434,0,47570,692749,408202.0,222847,60336.0,62296,347866.0,160551,2024,202421369349305807,202421369349305807_public.xml,2024_TEOS_XML_05A.zip,data/raw/form990_xml/2024/202421369349305807_public.xml,-187315,-185355.0,-187315.0,2023,365,False,False,True,False,False,False,0,-0.370602294265918,0.4566036317303545,0.534063794679424,0.2795460562628171,0
2021v4.2,2022-10-10T13:32:58-05:00,2021-01-01,2021-12-31,2021,352577906,MAXAID,1107 NE 45TH 230,,SEATTLE,WA,98105,"MAXAID IS A 501(C)(3) NON-PROFIT SUBSIDIARY OF THE MAX FOUNDATION, SUPPORTING ITS MISSION TO ACCELERATE HEALTH EQUITY BY DELIVERING MEDICATION, TECHNOLOGY, AND SERVICES TO PATIENTS FACING CANCER AND OTHER CRITICAL ILLNESSES, FOCUSING OUR ENERGY ON THOSE NO ONE ELSE IS HELPING.",2016.0,WWW.MAXAID.ORG,0,38.0,455604907,0,0,0,455604907,466996661,0,470828729,193262872.0,177397532,2304075.0,1662557,190958797.0,175734975,2022,202232839349301243,202232839349301243_public.xml,2022_TEOS_XML_01A.zip,data/raw/form990_xml/2022/202232839349301243_public.xml,-15223822,-15865340.0,-15223822.0,2021,365,False,False,True,False,False,False,0,-0.03341452597656065,1.0,0.0,0.009371928579028934,0
2022v5.0,2023-08-03T23:46:14-05:00,2022-01-01,2022-12-31,2022,352577906,MAXAID,1107 NE 45TH 230,,SEATTLE,WA,98105,"MAXAID IS A 501(C)(3) NON-PROFIT SUBSIDIARY OF THE MAX FOUNDATION, SUPPORTING ITS MISSION TO ACCELERATE HEALTH EQUITY BY DELIVERING MEDICATION, TECHNOLOGY, AND SERVICES TO PATIENTS FACING CANCER AND OTHER CRITICAL ILLNESSES, FOCUSING OUR ENERGY ON THOSE NO ONE ELSE IS HELPING.",2016.0,WWW.MAXAID.ORG,0,38.0,317889984,0,0,0,317889984,369868220,0,374245160,177397532.0,121782891,1662557.0,2403092,175734975.0,119379799,2023,202302169349300700,202302169349300700_public.xml,2023_TEOS_XML_08A.zip,data/raw/form990_xml/2023/202302169349300700_public.xml,-56355176,-55614641.0,-56355176.0,2022,365,False,False,True,False,False,False,0,-0.1772788663891971,1.0,0.0,0.019732591173254377,0
2023v5.1,2024-08-16T12:53:19-05:00,2023-01-01,2023-12-31,2023,352577906,MAXAID,1416 NW 46TH STREET SUITE 105 146,,SEATTLE,WA,98107,"MAXAID IS A 501(C)(3) NON-PROFIT SUBSIDIARY OF THE MAX FOUNDATION, SUPPORTING ITS MISSION TO ACCELERATE HEALTH EQUITY BY DELIVERING MEDICATION, TECHNOLOGY, AND SERVICES TO PATIENTS FACING CANCER AND OTHER CRITICAL ILLNESSES, FOCUSING OUR ENERGY ON THOSE NO ONE ELSE IS HELPING.",2016.0,WWW.MAXAID.ORG,0,31.0,311110506,0,0,0,311110506,288941066,0,295174481,121782891.0,136816838,2403092.0,1501014,119379799.0,135315824,2024,202442299349301144,202442299349301144_public.xml,2024_TEOS_XML_08A.zip,data/raw/form990_xml/2024/202442299349301144_public.xml,15936025,15033947.0,15936025.0,2023,365,False,False,True,False,False,False,0,0.051223037128807214,1.0,0.0,0.010970974201289464,0
2021v4.0,2022-05-13T14:08:44-07:00,2021-01-01,2021-12-31,2021,371559826,FIRST AID ARTS,PO BOX 31325,,Seattle,WA,98103,"We equip professional and volunteer care providers with arts based tools, training, and support to help survivors of human trafficking, natural disaster, and forced migration recover from mental, emotional, and psychological trauma.",2009.0,www.firstaidarts.org,4,10.0,291005,8558,0,272,299835,0,143302,199225,329154.0,414826,31323.0,16385,297831.0,398441,2022,202211339349309401,202211339349309401_public.xml,2022_TEOS_XML_01A.zip,data/raw/form990_xml/2022/202211339349309401_public.xml,100610,85672.0,100610.0,2021,365,False,False,True,False,False,False,0,0.33555121983757735,0.9705504694248503,0.028542364967398735,0.03949848852289876,0
2022v5.0,2023-04-20T14:28:19-07:00,2022-01-01,2022-12-31,2022,371559826,FIRST AID ARTS,PO BOX 31325,,Seattle,WA,98103,"We equip professional and volunteer care providers with arts based tools, training, and support to help survivors of human trafficking, natural disaster, and forced migration recover from mental, emotional, and psychological trauma.",2009.0,www.firstaidarts.org,4,10.0,287709,41958,0,2716,332383,0,177000,266117,414826.0,465307,16385.0,600,398441.0,464707,2023,202301109349301320,202301109349301320_public.xml,2023_TEOS_XML_04A.zip,data/raw/form990_xml/2023/202301109349301320_public.xml,66266,50481.0,66266.0,2022,365,False,False,True,False,False,False,0,0.19936639358811972,0.8655948108056067,0.12623389282845393,0.001289471252312989,0
2023v5.0,2024-04-29T12:34:10-07:00,2023-01-01,2023-12-31,2023,371559826,FIRST AID ARTS,PO BOX 31325,,Seattle,WA,98103,At First Aid Arts our mission is to help people respond effectively to toxic stress and trauma so they can bring their best to the challenges and opportunities of the day. Our arts-based programs equip professional and volunteer care providers to support survivors of natural disasters and human abuses. The heart of our mission target is to reach the most in need and least served. Our vision is a world where wounded hearts heal beautifully.,2009.0,www.firstaidarts.org,3,10.0,217664,86343,0,0,304007,0,181078,298729,465307.0,489539,600.0,19554,464707.0,469985,2024,202421209349300607,202421209349300607_public.xml,2024_TEOS_XML_05A.zip,data/raw/form990_xml/2024/202421209349300607_public.xml,5278,24232.0,5278.0,2023,365,False,False,True,False,False,False,0,0.017361442335209386,0.7159835135375172,0.2840164864624828,0.0399437021360913,0
2020v4.0,2022-01-26T13:24:55-08:00,2020-07-01,2021-06-30,2020,431761588,GOLDEN RETRIEVER FOUNDATION,6095 CLOVERGREEN PL,,ST LOUIS,MO,63129,The Foundations mission is to fund health research in areas that significantly impact the Golden Retriever; educate the public on responsible dog ownership; and assist rescue organizations in placement of displaced Golden Retrievers.,1996.0,WWW.GOLDENRETRIEVERFOUNDATION.ORG,0,11.0,212965,0,153478,-1432,365011,528274,0,568247,3789832.0,4247118,,0,3789832.0,4247118,2022,202230269349301328,202230269349301328_public.xml,2022_TEOS_XML_01A.zip,data/raw/form990_xml/2022/202230269349301328_public.xml,-203236,457286.0,457286.0,2021,365,False,False,True,False,False,False,0,-0.5567941788055703,0.583448170055149,0.0,0.0,0
2021v4.1,2023-02-03T10:17:15-08:00,2021-07-01,2022-06-30,2021,431761588,GOLDEN RETRIEVER FOUNDATION,24313 SE 34th Place,,Sammamish,WA,98029,The Foundations mission is to fund health research in areas that significantly impact the Golden Retriever; to educate the public about responsible Golden Retriever ownership; and to assist rescue organizations in placement of displaced Golden Retrievers.,1996.0,WWW.GOLDENRETRIEVERFOUNDATION.ORG,0,11.0,382774,0,-136545,3216,249445,633130,0,681112,4247118.0,3456006,,0,4247118.0,3456006,2023,202310349349300931,202310349349300931_public.xml,2023_TEOS_XML_02A.zip,data/raw/form990_xml/2023/202310349349300931_public.xml,-431667,-791112.0,-791112.0,2022,365,False,False,True,False,False,False,0,-1.7305097316041613,1.5345025957625928,0.0,0.0,0
2022v5.0,2024-01-24T11:09:09-05:00,2022-07-01,2023-06-30,2022,431761588,GOLDEN RETRIEVER FOUNDATION,24313 SE 34TH PLACE,,SAMMAMISH,WA,98029,THE FOUNDATION'S MISSION IS TO FUND HEALTH RESEARCH IN AREAS THAT SIGNIFICANTLY IMPACT THE GOLDEN RETRIEVER; TO EDUCATION THE PUBLIC ABOUT RESPONSIBLE GOLDEN RETRIEVER OWNERSHIP; AND TO ASSIST RESCUE ORGANIZATIONS IN PLACEMENT OF DISPLACED GOLDEN RETRIEVERS.,1996.0,WWW.GOLDENRETRIEVERFOUNDATION.ORG,0,6.0,1800575,0,-87411,4019,1717183,273576,0,358472,3456006.0,5169666,,250000,3456006.0,4919666,2024,202410249349300911,202410249349300911_public.xml,2024_TEOS_XML_01A.zip,data/raw/form990_xml/2024/202410249349300911_public.xml,1358711,1713660.0,1463660.0,2023,365,False,False,True,False,False,False,0,0.7912441481193326,1.0485632573814205,0.0,0.04835902358102052,0
2020v4.1,2022-02-15T21:16:10-05:00,2020-10-01,2021-09-30,2020,462489916,The Goodtimes Project,7400 Sand Point Way NE STE 101,,Seattle,WA,98115,"When cancer becomes your world, The Goodtimes Project creates caring spaces for local families to connect and kids to be kids, through camps, events, and programs. Continued on Schedule O...",2012.0,https://www.thegoodtimesproject.org,4,250.0,697639,0,12529,41385,751553,0,280392,443341,1878095.0,2291797,1711.0,8537,1876384.0,2283260,2022,202200469349303270,202200469349303270_public.xml,2022_TEOS_XML_01A.zip,data/raw/form990_xml/2022/202200469349303270_public.xml,308212,413702.0,406876.0,2021,365,False,False,True,False,False,False,0,0.41010015261731375,0.9282632096472239,0.0,0.0037250245113332465,0
2021v4.2,2023-03-27T22:09:48-04:00,2021-10-01,2022-09-30,2021,462489916,The Goodtimes Project,7400 Sand Point Way NE STE 101-S,,Seattle,WA,98115,"When cancer becomes your world, The Goodtimes Project creates caring spaces for local families to connect and kids to be kids, through camps, events, and programs. Continued on Schedule O...",2013.0,https://www.thegoodtimesproject.org/,3,250.0,982120,0,27324,-62986,946458,0,304368,580686,2291797.0,2395997,8537.0,6922,2283260.0,2389075,2023,202300869349301350,202300869349301350_public.xml,2023_TEOS_XML_04A.zip,data/raw/form990_xml/2023/202300869349301350_public.xml,365772,104200.0,105815.0,2022,365,False,False,True,False,False,False,0,0.3864640586270072,1.0376794321565246,0.0,0.0028889852533204342,0
2022v5.0,2024-02-27T21:54:41-05:00,2022-10-01,2023-09-30,2022,462489916,THE GOODTIMES PROJECT,7400 SAND POINT WAY NE STE 101-S,,SEATTLE,WA,98115,"WHEN CANCER BECOMES YOUR WORLD, THE GOODTIMES PROJECT CREATES CARING SPACES FOR LOCAL FAMILIES TO CONNECT AND KIDS TO BE KIDS, THROUGH CAMPS, EVENTS, AND PROGRAMS. CONTINUED ON SCHEDULE O...",2013.0,HTTPS://WWW.THEGOODTIMESPROJECT.ORG/,5,250.0,889413,0,62726,-69131,883008,0,419597,762931,2395997.0,2641780,6922.0,15790,2389075.0,2625990,2024,202400609349300015,202400609349300015_public.xml,2024_TEOS_XML_03A.zip,data/raw/form990_xml/2024/202400609349300015_public.xml,120077,245783.0,236915.0,2023,365,False,False,True,False,False,False,0,0.13598631042980358,1.007253614916286,0.0,0.005977030638433177,0
2021v4.2,2022-09-26T10:04:30-05:00,2021-01-01,2021-12-31,2021,463851701,Women's Accessible Medical Services PS,PO Box 31463,,Seattle,WA,98103,"To provide compassionate evidence-based reproductive health care and related educational and consultative services, in a respectful environment, to all women, regardless of their beliefs or ability to pay, based on the understanding that all people have inherent dignity and worth.",2013.0,3wmedical.org,12,22.0,741229,19893,39,-26589,734572,0,400892,751983,804918.0,784308,7555.0,4351,797363.0,779957,2022,202222699349300857,202222699349300857_public.xml,2022_TEOS_XML_01A.zip,data/raw/form990_xml/2022/202222699349300857_public.xml,-17411,-20610.0,-17406.0,2021,365,False,False,True,False,False,False,0,-0.023702237493397515,1.0090624200214546,0.027081075782904876,0.00554756549722813,0
2022v5.0,2023-10-11T13:19:00-05:00,2022-01-01,2022-12-31,2022,463851701,Women's Accessible Medical Services PS,PO Box 31463,,Seattle,WA,98103,"To provide compassionate evidence-based reproductive health care and related educational and consultative services, in a respectful environment, to all women, regardless of their beliefs or ability to pay, based on the understanding that all people have inherent dignity and worth.",2013.0,3wmedical.org,13,36.0,787174,23201,-2000,-42647,765728,0,507722,934344,784308.0,625236,4351.0,13896,779957.0,611340,2023,202322849349300922,202322849349300922_public.xml,2023_TEOS_XML_10A.zip,data/raw/form990_xml/2023/202322849349300922_public.xml,-168616,-159072.0,-168617.0,2022,365,False,False,True,False,False,False,0,-0.22020351874294788,1.0280073341969995,0.030299270759329682,0.02222520776154924,0
2023v5.1,2024-07-24T16:52:53-05:00,2023-01-01,2023-12-31,2023,463851701,Women's Accessible Medical Services PS,PO Box 31463,,Seattle,WA,98103,"To provide compassionate evidence-based reproductive health care and related educational and consultative services, in a respectful environment, to all women, regardless of their beliefs or ability to pay, based on the understanding that all people have inherent dignity and worth.",2013.0,3wmedical.org,14,17.0,977703,22339,-281,-21955,977806,0,490061,898408,625236.0,697027,13896.0,6289,611340.0,690738,2024,202422069349301612,202422069349301612_public.xml,2024_TEOS_XML_07A.zip,data/raw/form990_xml/2024/202422069349301612_public.xml,79398,71791.0,79398.0,2023,365,False,False,True,False,False,False,0,0.0812001562682168,0.999894662131343,0.022846045125515694,0.009022606010957968,0
2020v4.2,2022-02-24T09:18:09-06:00,2020-11-01,2021-10-31,2020,464220284,UPOWER,PO BOX 21866,,SEATTLE,WA,98111,UPOWER BUILDS POSITIVE RELATIONSHIPS THROUGH TRAUMA-INFORMED COACHING USING MOVEMENT AND PLAY TO EMPOWER AND EDUCATE YOUTH WHO ARE UNDERSERVED.,2013.0,WWW.U-POWER.ORG,11,15.0,580902,0,310,18899,600111,0,288058,443235,881760.0,1057673,43284.0,7362,838476.0,1050311,2022,202200559349301210,202200559349301210_public.xml,2022_TEOS_XML_01A.zip,data/raw/form990_xml/2022/202200559349301210_public.xml,156876,175913.0,211835.0,2021,365,False,False,True,False,False,False,0,0.26141163884681334,0.9679909216794893,0.0,0.006960563425557805,0
2021v4.2,2023-03-09T07:52:28-06:00,2021-11-01,2022-10-31,2021,464220284,UPOWER,PO BOX 3244,,SEATTLE,WA,98114,UPOWER BUILDS POSITIVE RELATIONSHIPS THROUGH TRAUMA-INFORMED COACHING USING MOVEMENT AND PLAY TO EMPOWER AND EDUCATE YOUTH WHO ARE UNDERSERVED.,2013.0,WWW.U-POWER.ORG,9,13.0,677647,0,314,5868,683829,0,431062,573848,1057673.0,1162457,7362.0,20040,1050311.0,1142417,2023,202340689349300004,202340689349300004_public.xml,2023_TEOS_XML_03A.zip,data/raw/form990_xml/2023/202340689349300004_public.xml,109981,104784.0,92106.0,2022,365,False,False,True,False,False,False,0,0.1608311434583792,0.9909597282361526,0.0,0.0172393473479019,0
2022v5.0,2024-03-12T09:38:02-05:00,2022-11-01,2023-10-31,2022,464220284,UPOWER,PO BOX 3244,,SEATTLE,WA,98114,UPOWER BUILDS POSITIVE RELATIONSHIPS THROUGH TRAUMA-INFORMED COACHING USING MOVEMENT AND PLAY TO EMPOWER AND EDUCATE YOUTH WHO ARE UNDERSERVED.,2013.0,WWW.U-POWER.ORG,9,12.0,675224,0,1777,18632,695633,0,610297,747121,1162457.0,1060117,20040.0,15720,1142417.0,1044397,2024,202410729349300916,202410729349300916_public.xml,2024_TEOS_XML_03A.zip,data/raw/form990_xml/2024/202410729349300916_public.xml,-51488,-102340.0,-98020.0,2023,365,False,False,True,False,False,False,0,-0.07401604006710436,0.9706612538508093,0.0,0.01482855194285159,0
2020v4.0,2022-02-11T10:16:23-08:00,2020-10-01,2021-09-30,2020,464274413,Empower Youth Network,PO Box 910,,Carnation,WA,98014,"The mission is to promote and inspire youth to lead safe, healthy, and successful lives. This is accomplished through programs that open the door for healthy youth, supported families, and an engaged community.",2013.0,https://empoweryouthnetwork.org,15,680.0,1136472,0,0,-43317,1093155,11550,627715,845702,357978.0,539561,89912.0,24042,268066.0,515519,2022,202240429349301459,202240429349301459_public.xml,2022_TEOS_XML_01A.zip,data/raw/form990_xml/2022/202240429349301459_public.xml,247453,181583.0,247453.0,2021,365,False,False,True,False,False,False,0,0.22636588589907194,1.0396256706505482,0.0,0.04455844658898623,0
2022v5.0,2023-11-14T14:25:12-06:00,2022-01-01,2022-12-31,2022,464274413,EMPOWER YOUTH NETWORK,PO BOX 910,,CARNATION,WA,98014,"THE MISSION IS TO PROMOTE AND INSPIRE YOUTH TO LEAD SAFE, HEALTHY, AND SUCCESSFUL LIVES. THIS IS ACCOMPLISHED THROUGH PROGRAMS THAT OPEN THE DOOR FOR HEALTHY YOUTH, SUPPORTED FAMILIES, AND AN ENGAGED COMMUNITY.",2013.0,HTTPS://EMPOWERYOUTHNETWORK.ORG,19,200.0,1207278,2212,0,4131,1213621,76210,963808,1360620,502314.0,533369,8949.0,182181,493365.0,351188,2023,202303189349311590,202303189349311590_public.xml,2023_TEOS_XML_11A.zip,data/raw/form990_xml/2023/202303189349311590_public.xml,-146999,31055.0,-142177.0,2022,365,False,False,True,False,False,False,0,-0.12112430486947737,0.9947734918891482,0.001822644796027755,0.34156653273812315,0
2023v5.1,2024-09-11T18:01:58-05:00,2023-01-01,2023-12-31,2023,464274413,EMPOWER YOUTH NETWORK,PO BOX 910,,CARNATION,WA,98014,"THE MISSION IS TO PROMOTE AND INSPIRE YOUTH TO LEAD SAFE, HEALTHY, AND SUCCESSFUL LIVES.",2013.0,EMPOWERYOUTHNETWORK.ORG,17,200.0,1300883,7201,0,-17849,1290235,7500,982651,1274092,533369.0,372561,182181.0,55919,351188.0,316642,2024,202432559349301878,202432559349301878_public.xml,2024_TEOS_XML_09A.zip,data/raw/form990_xml/2024/202432559349301878_public.xml,16143,-160808.0,-34546.0,2023,365,False,False,True,False,False,False,0,0.012511674229888354,1.0082527601560956,0.0055811538208155875,0.15009354172873704,0
2021v4.2,2022-04-29T14:25:40-05:00,2021-01-01,2021-12-31,2021,465491631,SIGHT FOR SOULS,15010 NE 15TH STREET,,BELLEVUE,WA,98007,"TO PROVIDE OPHTHALMOLOGICAL CARE, TRAINING AND RESEARCH TO NEEDY PATIENTS IN COUNTRIES IN SUB-SAHARAN AFRICA BASED ON CHRISTIAN PRINCIPLES.",2014.0,WWW.SIGHTFORSOULS.ORG,0,4.0,52529,86245,4,0,138778,0,0,102465,62040.0,97694,1971.0,1312,60069.0,96382,2022,202221199349300732,202221199349300732_public.xml,2022_TEOS_XML_01A.zip,data/raw/form990_xml/2022/202221199349300732_public.xml,36313,35654.0,36313.0,2021,365,False,False,True,False,False,False,0,0.2616625113490611,0.37851100318494285,0.6214601738027641,0.01342968861956722,0
2022v5.0,2023-04-24T13:02:28-05:00,2022-01-01,2022-12-31,2022,465491631,SIGHT FOR SOULS,15010 NE 15TH STREET,,BELLEVUE,WA,98007,"TO PROVIDE OPHTHALMOLOGICAL CARE, TRAINING AND RESEARCH TO NEEDY PATIENTS IN COUNTRIES IN SUB-SAHARAN AFRICA BASED ON CHRISTIAN PRINCIPLES.",2014.0,WWW.SIGHTFORSOULS.ORG,0,9.0,17222,109096,74,0,126392,0,0,121299,97694.0,102925,1312.0,1450,96382.0,101475,2023,202301149349300990,202301149349300990_public.xml,2023_TEOS_XML_05A.zip,data/raw/form990_xml/2023/202301149349300990_public.xml,5093,5231.0,5093.0,2022,365,False,False,True,False,False,False,0,0.0402952718526489,0.136258623963542,0.8631558959427812,0.014087928102987613,0
2023v5.0,2024-05-06T08:45:26-05:00,2023-01-01,2023-12-31,2023,465491631,SIGHT FOR SOULS,15010 NE 15TH STREET,,BELLEVUE,WA,98007,"TO PROVIDE OPHTHALMOLOGICAL CARE, TRAINING AND RESEARCH TO NEEDY PATIENTS IN COUNTRIES IN SUB-SAHARAN AFRICA BASED ON CHRISTIAN PRINCIPLES.",2014.0,WWW.SIGHTFORSOULS.ORG,0,7.0,58494,154861,228,0,213583,0,0,172202,102925.0,144106,1450.0,1250,101475.0,142856,2024,202421279349300047,202421279349300047_public.xml,2024_TEOS_XML_05A.zip,data/raw/form990_xml/2024/202421279349300047_public.xml,41381,41181.0,41381.0,2023,365,False,False,True,False,False,False,0,0.19374669332297045,0.2738701113852694,0.7250623879241326,0.00867417040234272,0
2021v4.2,2022-10-03T16:09:07-05:00,2021-01-01,2021-12-31,2021,470948895,WASHINGTON HEALTH ALLIANCE,600 STEWART STREET 824,,SEATTLE,WA,98101,TO PROMOTE HEALTH AND IMPROVE THE QUALITY AND AFFORDABILITY OF THE HEALTH CARE SYSTEM.,2004.0,WWW.WAHEALTHALLIANCE.ORG,11,119.0,230801,3041769,181,0,3272751,0,1571505,3175813,4538980.0,4429136,2160238.0,1953456,2378742.0,2475680,2022,202222769349300647,202222769349300647_public.xml,2022_TEOS_XML_01A.zip,data/raw/form990_xml/2022/202222769349300647_public.xml,96938,-109844.0,96938.0,2021,365,False,False,True,False,False,False,0,0.02961972970140411,0.0705220164931582,0.9294226783522486,0.4410467413960646,0
2022v5.0,2023-09-21T16:07:56-05:00,2022-01-01,2022-12-31,2022,470948895,WASHINGTON HEALTH ALLIANCE,1809 SEVENTH AVENUE 1609,,SEATTLE,WA,98101,"TO INFORM AND CHALLENGE OUR MULTI-STAKEHOLDER ALLIANCE ORGANIZATIONS TO (SEE SCHEDULE O) ALIGN HEALTHCARE COSTS WITH VALUE THAT IMPROVES CLINICAL QUALITY, MITIGATES PAYMENT TRENDS AND OPTIMIZES HEALTH CARE OUTCOMES ACROSS ALL COMMUNITIES. THE ALLIANCE SERVES AS THE SINGLE INDEPENDENT TRUSTED ORGANIZATION FOR REPORTING AND IMPROVING CLINICAL CARE, IMPACTING MARKET DYNAMICS THAT RESULT IN PAYMENT THAT DELIVERS ACCESS TO AFFORDABLE, EQUITABLE AND IMPROVED HEALTHCARE EXPERIENCES FOR ALL WASHINGTONIANS.",2004.0,WWW.WAHEALTHALLIANCE.ORG,13,135.0,94821,2933604,29888,0,3058313,0,1652106,3180331,4429136.0,4238432,1953456.0,1884770,2475680.0,2353662,2023,202302649349301125,202302649349301125_public.xml,2023_TEOS_XML_09A.zip,data/raw/form990_xml/2023/202302649349301125_public.xml,-122018,-190704.0,-122018.0,2022,365,False,False,True,False,False,False,0,-0.039897158989285926,0.031004347821822032,0.9592229441525443,0.4446856762123351,0
2023v5.1,2024-09-10T20:17:37-05:00,2023-01-01,2023-12-31,2023,470948895,WASHINGTON HEALTH ALLIANCE,1809 SEVENTH AVENUE 1609,,SEATTLE,WA,98101,"TO PREPARE AND CHALLENGE OUR MULTI-STAKEHOLDER ALLIANCE ORGANIZATIONS TO (SEE SCHEDULE O)IDENTIFY AND CHOOSE ACTIONS THAT WILL IMPROVE HEALTHCARE VALUE THROUGH IMPROVING CLINICAL QUALITY, DRIVING AFFORDABLE TOTAL COST TRENDS, AND OPTIMIZING HEALTH OUTCOMES ACROSS ALL COMMUNITIES.",2004.0,WWW.WAHEALTHALLIANCE.ORG,11,115.0,46175,2698897,66923,0,2811995,0,1635605,3052924,4238432.0,3991858,1884770.0,1828638,2353662.0,2163220,2024,202432549349301443,202432549349301443_public.xml,2024_TEOS_XML_09A.zip,data/raw/form990_xml/2024/202432549349301443_public.xml,-240929,-246574.0,-190442.0,2023,365,False,False,True,False,False,False,0,-0.08567902859002238,0.01642072621039511,0.9597801560813586,0.45809194615640136,0
2021v4.2,2022-09-13T17:41:52-04:00,2021-01-01,2021-12-31,2021,471779138,BATTLEFIELD ADDICTION,2250 ROOSEVELT AVE,,Enumclaw,WA,98022,"Reconnecting the Family, the Addict and the Community. Empowering families through our straight forward approach, providing expert guidance and a lifetime network of support services.",2014.0,WWW.BATTLEFIELDADDICTION.COM,3,,218073,8004,8,-450,225635,34535,123738,211431,75652.0,89856,,0,75652.0,89856,2024,202212569349301761,202212569349301761_public.xml,2024_TEOS_XML_07A.zip,data/raw/form990_xml/2024/202212569349301761_public.xml,14204,14204.0,14204.0,2021,365,False,False,True,False,False,False,0,0.06295122653843598,0.9664856959248344,0.035473220023489266,0.0,0
2022v5.0,2023-08-15T13:17:10-04:00,2022-01-01,2022-12-31,2022,471779138,BATTLEFIELD ADDICTION,2250 ROOSEVELT AVE,,Enumclaw,WA,98022,"Reconnecting the Family, the Addict and the Community. Empowering families through our straight forward approach, providing expert guidance and a lifetime network of support services.",2014.0,WWW.BATTLEFIELDADDICTION.COM,4,,317356,0,0,-31681,285675,51178,121840,210833,114856.0,189271,,0,114856.0,189271,2023,202342279349304359,202342279349304359_public.xml,2023_TEOS_XML_08A.zip,data/raw/form990_xml/2023/202342279349304359_public.xml,74842,74415.0,74415.0,2022,365,False,False,True,False,False,False,0,0.2619830226656165,1.1108987485779294,0.0,0.0,0
2023v5.0,2024-08-06T18:49:57-04:00,2023-01-01,2023-12-31,2023,471779138,BATTLEFIELD ADDICTION,2250 ROOSEVELT AVE,,ENUMCLAW,WA,98022,"BATTLEFIELD ADDICTION HAS BEEN ABLE TO PROVIDE SOLUTION GROUPS, FAMILY WORKSHOPS, PRIVATE CONSULTATION AND REHABILITATION AND RECOVERY HOME PLACEMENT AND SUPPORT TO ADDICTS, RECOVERING ADDICTS AND THEIR FAMILIES WITHIN THE COMMUNITY. BATTLEFIELD ADDICTION HAS BEEN ABLE TO ADD JOB TRAINING AND EMPLOYMENT FOR RECOVERING ADDICTS. THIS SERVICE GIVES THE SKILLS TO REMAIN CLEAN AND PRODUCTIVE, BRIDGES THE GAP IN EMPLOYMENT HISTORY AND GIVES AN OPPORTUNITY TO ENGAGE WITH THE COMMUNITY IN A POSITIVE WAY.",2014.0,BATTLEFIELDADDICTION.COM,3,,113937,0,0,184523,298460,46179,149162,256239,189271.0,259259,,23502,189271.0,235757,2024,202412199349301961,202412199349301961_public.xml,2024_TEOS_XML_08A.zip,data/raw/form990_xml/2024/202412199349301961_public.xml,42221,69988.0,46486.0,2023,365,False,False,True,False,False,False,0,0.14146284259197212,0.3817496481940629,0.0,0.0906506620792335,0
2021v4.2,2022-05-03T09:42:33-05:00,2021-01-01,2021-12-31,2021,472748940,THE GOUT HYPERURICEMIA AND CRYSTAL-ASSOC,3213 W WHEELER ST 299,,SEATTLE,WA,98199,"LAUNCH AND SUPPORT NOVEL RESEARCH AND EDUCATION INITIATIVES TO HELP FILL THE KNOWLEDGE GAP IN THE PATHOGENESIS, DIAGNOSIS, TREATMENT, AND OUTCOMES OF GOUT, HYPERURICEMIA, AND CRYSTAL DEPOSITION-ASSOCIATED DISORDERS (INCLUDING CARDIOVASCULAR DISEASES AND RENAL DISEASES ASSOCIATED WITH THESE CONDITIONS); FACILITATE THE SHARING OF RESOURCES AND INFORMATION RELATED TO GOUT, HYPERURICEMIA, AND CRYSTAL-ASSOCIATED DISEASES; AND FOSTER NETWORKING AND COLLABORATION ACROSS RELATED MEDICAL DISCIPLINES AND SCIENTIFIC COMMUNITIES THAT CARE FOR AND STUDY THESE CONDITIONS.THE LARGER AIMS OF G-CAN ARE TO GROW NETWORKING BETWEEN DIFFERENT MEDICAL SPECIALTIES THAT CARE FOR PATIENTS WITH THE AFOREMENTIONED CONDITIONS, AND TO THEREBY ADVANCE RESEARCH, THERAPY, AND PROVIDER AND PATIENT EDUCATION.",2015.0,WWW.G-CAN.ORG,0,0.0,175055,0,1189,0,176244,0,0,60999,585136.0,697300,3103.0,22,582033.0,697278,2022,202221239349300832,202221239349300832_public.xml,2022_TEOS_XML_01A.zip,data/raw/form990_xml/2022/202221239349300832_public.xml,115245,112164.0,115245.0,2021,365,False,False,True,False,False,False,0,0.6538946006672568,0.9932536710469576,0.0,3.155026530904919e-05,0
2022v5.0,2023-05-01T17:07:15-05:00,2022-01-01,2022-12-31,2022,472748940,THE GOUT HYPERURICEMIA AND CRYSTAL-ASSOC,3213 W WHEELER ST 299,,SEATTLE,WA,98199,"LAUNCH AND SUPPORT NOVEL RESEARCH AND EDUCATION INITIATIVES TO HELP FILL THE KNOWLEDGE GAP IN THE PATHOGENESIS, DIAGNOSIS, TREATMENT, AND OUTCOMES OF GOUT, HYPERURICEMIA, AND CRYSTAL DEPOSITION-ASSOCIATED DISORDERS (INCLUDING CARDIOVASCULAR DISEASES AND RENAL DISEASES ASSOCIATED WITH THESE CONDITIONS); FACILITATE THE SHARING OF RESOURCES AND INFORMATION RELATED TO GOUT, HYPERURICEMIA, AND CRYSTAL-ASSOCIATED DISEASES; AND FOSTER NETWORKING AND COLLABORATION ACROSS RELATED MEDICAL DISCIPLINES AND SCIENTIFIC COMMUNITIES THAT CARE FOR AND STUDY THESE CONDITIONS.THE LARGER AIMS OF G-CAN ARE TO GROW NETWORKING BETWEEN DIFFERENT MEDICAL SPECIALTIES THAT CARE FOR PATIENTS WITH THE AFOREMENTIONED CONDITIONS, AND TO THEREBY ADVANCE RESEARCH, THERAPY, AND PROVIDER AND PATIENT EDUCATION.",2015.0,WWW.G-CAN.ORG,0,0.0,174005,0,2857,0,176862,148,0,149575,697300.0,725838,22.0,1273,697278.0,724565,2023,202331219349302348,202331219349302348_public.xml,2023_TEOS_XML_05A.zip,data/raw/form990_xml/2023/202331219349302348_public.xml,27287,28538.0,27287.0,2022,365,False,False,True,False,False,False,0,0.15428413113048592,0.9838461625448089,0.0,0.0017538348777550914,0
2023v5.0,2024-05-21T13:07:27-05:00,2023-01-01,2023-12-31,2023,472748940,THE GOUT HYPERURICEMIA AND CRYSTAL-ASSOC,3213 W WHEELER ST 299,,SEATTLE,WA,98199,"LAUNCH AND SUPPORT NOVEL RESEARCH AND EDUCATION INITIATIVES TO HELP FILL THE KNOWLEDGE GAP IN THE PATHOGENESIS, DIAGNOSIS, TREATMENT, AND OUTCOMES OF GOUT, HYPERURICEMIA, AND CRYSTAL DEPOSITION-ASSOCIATED DISORDERS (INCLUDING CARDIOVASCULAR DISEASES AND RENAL DISEASES ASSOCIATED WITH THESE CONDITIONS); FACILITATE THE SHARING OF RESOURCES AND INFORMATION RELATED TO GOUT, HYPERURICEMIA, AND CRYSTAL-ASSOCIATED DISEASES; AND FOSTER NETWORKING AND COLLABORATION ACROSS RELATED MEDICAL DISCIPLINES AND SCIENTIFIC COMMUNITIES THAT CARE FOR AND STUDY THESE CONDITIONS.THE LARGER AIMS OF G-CAN ARE TO GROW NETWORKING BETWEEN DIFFERENT MEDICAL SPECIALTIES THAT CARE FOR PATIENTS WITH THE AFOREMENTIONED CONDITIONS, AND TO THEREBY ADVANCE RESEARCH, THERAPY, AND PROVIDER AND PATIENT EDUCATION.",2015.0,WWW.G-CAN.ORG,0,0.0,197953,0,20515,0,218468,0,0,320642,725838.0,623517,1273.0,1126,724565.0,622391,2024,202421429349301027,202421429349301027_public.xml,2024_TEOS_XML_05A.zip,data/raw/form990_xml/2024/202421429349301027_public.xml,-102174,-102321.0,-102174.0,2023,365,False,False,True,False,False,False,0,-0.4676840544152919,0.9060960872988264,0.0,0.0018058850039373426,0
2021v4.0,2022-02-23T15:45:54-08:00,2021-01-01,2021-12-31,2021,562676328,Global Resource for Advancing Cancer,4616 25th Avenue NE 300,,Seattle,WA,98105,"Interactive website, sponsored patient forums, videos (distributed through website).",2007.0,www.cancergrace.org,2,15.0,406862,0,30,0,406892,0,278405,392376,191817.0,206333,,0,191817.0,206333,2022,202200549349300540,202200549349300540_public.xml,2022_TEOS_XML_01A.zip,data/raw/form990_xml/2022/202200549349300540_public.xml,14516,14516.0,14516.0,2021,365,False,False,True,False,False,False,0,0.03567531433402475,0.9999262703616685,0.0,0.0,0
2022v5.0,2023-10-04T13:04:53-05:00,2022-01-01,2022-12-31,2022,562676328,GLOBAL RESOURCE FOR ADVANCING CANCER,4616 25TH AVENUE NE 300,,SEATTLE,WA,98105,"INTERACTIVE WEBSITE, SPONSORED PATIENT FORUMS, VIDEOS (DISTRIBUTED THROUGH WEBSITE).",2007.0,WWW.CANCERGRACE.ORG,5,12.0,524246,0,25,0,524271,0,344880,466480,206333.0,264124,0.0,0,206333.0,264124,2023,202332779349300638,202332779349300638_public.xml,2023_TEOS_XML_10A.zip,data/raw/form990_xml/2023/202332779349300638_public.xml,57791,57791.0,57791.0,2022,365,False,False,True,False,False,False,0,0.11023115907612666,0.9999523147379885,0.0,0.0,0
2023v4.0,2024-03-11T15:54:06-05:00,2023-01-01,2023-12-31,2023,562676328,GLOBAL RESOURCE FOR ADVANCING CANCER,4616 25TH AVE NE STE 300,,SEATTLE,WA,98105,"INTERACTIVE WEBSITE, SPONSORED PATIENT FORUMS, VIDEOS (DISTRIBUTED THROUGH WEBSITE).",2007.0,WWW.CANCERGRACE.ORG,3,10.0,478963,0,36,8781,487780,0,317636,468192,264124.0,283712,0.0,0,264124.0,283712,2024,202430719349300433,202430719349300433_public.xml,2024_TEOS_XML_03A.zip,data/raw/form990_xml/2024/202430719349300433_public.xml,19588,19588.0,19588.0,2023,365,False,False,True,False,False,False,0,0.040157448029849524,0.981924228135635,0.0,0.0,0
2021v4.2,2024-07-01T10:04:30-05:00,2021-01-01,2021-12-31,2021,811244422,PROVIDENCE ST JOSEPH HEALTH,1801 LIND AVE SW ATTN TAX DEPT,,RENTON,WA,98057,"SEE SCHEDULE O.AS EXPRESSIONS OF GOD'S HEALING LOVE, WITNESSED THROUGH THE MINISTRY OF JESUS, WE ARE STEADFAST IN SERVING ALL, ESPECIALLY THOSE WHO ARE POOR AND VULNERABLE.",2015.0,HTTPS://WWW.PROVIDENCE.ORG,14,0.0,0,53864395,0,0,53864395,1000,43927446,49220885,3567394523.0,3371048239,3526040146.0,3321332290,41354377.0,49715949,2024,202411839349300811,202411839349300811_public.xml,2024_TEOS_XML_07A.zip,data/raw/form990_xml/2024/202411839349300811_public.xml,4643510,-196346284.0,8361572.0,2021,365,False,False,True,False,False,False,0,0.08620741029394278,0.0,1.0,0.9852520802209737,0
2022v5.0,2023-11-15T08:33:01-06:00,2022-01-01,2022-12-31,2022,811244422,PROVIDENCE ST JOSEPH HEALTH,1801 LIND AVE SW ATTN TAX DEPT,,RENTON,WA,98057,"SEE SCHEDULE O.AS EXPRESSIONS OF GOD'S HEALING LOVE, WITNESSED THROUGH THE MINISTRY OF JESUS, WE ARE STEADFAST IN SERVING ALL, ESPECIALLY THOSE WHO ARE POOR AND VULNERABLE.",2015.0,HTTPS://WWW.PROVIDENCE.ORG,13,0.0,0,55691256,0,0,55691256,0,49854145,55391656,3371048239.0,2813305323,3321332290.0,2765634782,49715949.0,47670541,2023,202303199349303415,202303199349303415_public.xml,2023_TEOS_XML_11A.zip,data/raw/form990_xml/2023/202303199349303415_public.xml,299600,-557742916.0,-2045408.0,2022,365,False,False,True,False,False,False,0,0.005379659600422731,0.0,1.0,0.9830553261993028,0
2023v5.1,2024-11-13T09:56:54-06:00,2023-01-01,2023-12-31,2023,811244422,PROVIDENCE ST JOSEPH HEALTH,1801 LIND AVE SW ATTN TAX DEPT,,RENTON,WA,98057,"SEE SCHEDULE O.AS EXPRESSIONS OF GOD'S HEALING LOVE, WITNESSED THROUGH THE MINISTRY OF JESUS, WE ARE STEADFAST IN SERVING ALL, ESPECIALLY THOSE WHO ARE POOR AND VULNERABLE.",2015.0,HTTPS://WWW.PROVIDENCE.ORG,9,0.0,0,38993403,0,0,38993403,0,36505839,38993403,2813305323.0,2715864737,2765634782.0,2668219540,47670541.0,47645197,2024,202443189349303569,202443189349303569_public.xml,2024_TEOS_XML_11A.zip,data/raw/form990_xml/2024/202443189349303569_public.xml,0,-97440586.0,-25344.0,2023,365,False,False,True,False,False,False,0,0.0,0.0,1.0,0.9824567120921384,0
2021v4.0,2022-08-23T13:54:41-07:00,2021-01-01,2021-12-31,2021,811717061,SEATTLE MUSICIANS ACCESS TO SUSTAINABLE,1200 5TH AVE SUITE 1711,,SEATTLE,WA,98101,"SEATTLE MUSICIANS ACCESS TO SUSTAINABLE HEALTHCARE'S (SMASH)MISSION IS TO PROVIDE, SUBSIDIZE AND SERVE AS A REFERRAL SOURCE TO COMPLIMENTARY OR LOW COST PRIMARY AND INTEGRATIVE HEALTHCARE, DENTAL CARE AND MENTAL HEALTH COUNSELING FOR UNINUSRED AND UNDERINSURED PROFESSIONAL MUSICIANS IN SEATTLE AND SURROUNDING AREAS.",2015.0,,2,35.0,317232,0,11,-3658,313585,0,235671,273740,156057.0,198523,17312.0,19933,138745.0,178590,2022,202232359349301718,202232359349301718_public.xml,2022_TEOS_XML_01A.zip,data/raw/form990_xml/2022/202232359349301718_public.xml,39845,42466.0,39845.0,2021,365,False,False,True,False,False,False,0,0.12706283782706443,1.011630020568586,0.0,0.1004065020173985,0
2022v5.0,2023-11-14T15:22:26-07:00,2022-01-01,2022-12-31,2022,811717061,SEATTLE MUSICIANS ACCESS TO SUSTAINABLE HEALTHCARE,60204 PO Box,,Seattle,WA,98160,SMASH's mission is to keep local musicians healthy.,2015.0,smashseattle.org,3,60.0,656999,525,25,66553,724102,0,348607,427233,198522.0,494214,19932.0,18755,178590.0,475459,2023,202303199349301805,202303199349301805_public.xml,2023_TEOS_XML_11A.zip,data/raw/form990_xml/2023/202303199349301805_public.xml,296869,295692.0,296869.0,2022,365,False,False,True,False,False,False,0,0.40998229531198643,0.9073293541517632,0.0007250359755945986,0.03794914753527824,0
2023v5.1,2024-11-14T15:47:07-06:00,2023-01-01,2023-12-31,2023,811717061,SEATTLE MUSICIANS ACCESS TO SUSTAINABLE,60204 PO BOX,,SEATTLE,WA,98160,SMASH'S MISSION IS TO KEEP LOCAL MUSICIANS HEALTHY.,2015.0,WWW.SMASHSEATTLE.ORG,5,60.0,510752,776,818,47653,559999,0,396658,566219,494214.0,538434,18755.0,69045,475459.0,469389,2024,202433199349314478,202433199349314478_public.xml,2024_TEOS_XML_11A.zip,data/raw/form990_xml/2024/202433199349314478_public.xml,-6220,44220.0,-6070.0,2023,365,False,False,True,False,False,False,0,-0.011107162691361949,0.9120587715335206,0.0013857167602085005,0.1282329867727521,0
2020v4.2,2022-05-12T11:27:48-05:00,2020-07-01,2021-06-30,2020,820574491,GLOBAL PARTNERSHIPS,1932 FIRST AVENUE NO 400,,SEATTLE,WA,98101,GLOBAL PARTNERSHIPS' MISSION IS TO EXPAND OPPORTUNITY FOR PEOPLE LIVING IN POVERTY.,2002.0,WWW.GLOBALPARTNERSHIPS.ORG,28,24.0,2557182,8218946,391335,-7043,11160420,0,4168708,10875048,152126195.0,150824323,133747148.0,132453383,18379047.0,18370940,2022,202241329349303399,202241329349303399_public.xml,2022_TEOS_XML_01A.zip,data/raw/form990_xml/2022/202241329349303399_public.xml,285372,-1301872.0,-8107.0,2021,365,False,False,True,False,False,False,0,0.025570005429903175,0.22912954888794507,0.7364369799702879,0.8781964365256922,0
2021v4.2,2023-05-10T19:42:55-05:00,2021-07-01,2022-06-30,2021,820574491,GLOBAL PARTNERSHIPS,1201 WESTERN AVE 410,,SEATTLE,WA,98101,GLOBAL PARTNERSHIPS' MISSION IS TO EXPAND OPPORTUNITY FOR PEOPLE LIVING IN POVERTY.,2002.0,WWW.GLOBALPARTNERSHIPS.ORG,28,21.0,5681221,9712715,-299213,27,15094750,0,4154412,13168458,150824323.0,181973037,132453383.0,162743576,18370940.0,19229461,2023,202321309349305687,202321309349305687_public.xml,2023_TEOS_XML_05A.zip,data/raw/form990_xml/2023/202321309349305687_public.xml,1926292,31148714.0,858521.0,2022,365,False,False,True,False,False,False,0,0.1276133755113533,0.37637065867271735,0.6434498749565246,0.8943279657414301,0
2022v5.0,2024-05-07T16:35:42-05:00,2022-07-01,2023-06-30,2022,820574491,GLOBAL PARTNERSHIPS,1201 WESTERN AVE 410,,SEATTLE,WA,98101,GLOBAL PARTNERSHIPS' MISSION IS TO EXPAND OPPORTUNITY FOR PEOPLE LIVING IN POVERTY.,2002.0,WWW.GLOBALPARTNERSHIPS.ORG,31,19.0,4277784,11316859,26137,158,15620938,0,4239519,11209776,181973037.0,203483842,162743576.0,183653433,19229461.0,19830409,2024,202441289349303434,202441289349303434_public.xml,2024_TEOS_XML_05A.zip,data/raw/form990_xml/2024/202441289349303434_public.xml,4411162,21510805.0,600948.0,2023,365,False,False,True,False,False,False,0,0.2823877797863355,0.2738493680725191,0.7244673143187689,0.9025455347948462,0
2021v4.2,2022-08-08T17:02:33-04:00,2021-01-01,2021-12-31,2021,833257403,Colemans Family Services,PO Box STE 1534,,Milton,WA,98354,Providing behavioral health clients with resources based on need such as mental health and educational resources to help clients acheive wellness and improved living conditions.,2019.0,,6,,90840,110379,0,0,201219,0,74289,139978,67640.0,129521,,0,67640.0,129521,2022,202222209349302107,202222209349302107_public.xml,2022_TEOS_XML_01A.zip,data/raw/form990_xml/2022/202222209349302107_public.xml,61241,61881.0,61881.0,2021,365,False,False,True,False,False,False,0,0.3043499868302695,0.4514484218687102,0.5485515781312897,0.0,0
2022v5.0,2023-05-05T14:04:46-04:00,2022-01-01,2022-12-31,2022,833257403,Colemans Family Services,PO Box STE 1534,,Milton,WA,98354,Providing behavioral health clients with resources based on need such as mental health and educational resources to help clients acheive wellness and improved living conditions.,2019.0,,4,,139340,0,0,0,139340,0,122047,160629,129521.0,108232,,0,129521.0,108232,2023,202341259349301849,202341259349301849_public.xml,2023_TEOS_XML_05A.zip,data/raw/form990_xml/2023/202341259349301849_public.xml,-21289,-21289.0,-21289.0,2022,365,False,False,True,False,False,False,0,-0.15278455576288216,1.0,0.0,0.0,0
2023v5.1,2024-08-12T14:50:08-04:00,2023-01-01,2023-12-31,2023,833257403,Colemans Family Services,PO Box STE 1534,,Milton,WA,98354,Providing behavioral health clients with resources based on need such as mental health and educational resources to help clients acheive wellness and improved living conditions.,2019.0,,3,,103302,0,0,0,103302,0,93931,147204,43902.0,0,,0,43902.0,0,2024,202412269349301691,202412269349301691_public.xml,2024_TEOS_XML_08A.zip,data/raw/form990_xml/2024/202412269349301691_public.xml,-43902,-43902.0,-43902.0,2023,365,False,False,True,False,False,True,0,-0.42498693152117095,1.0,0.0,,1
2021v4.2,2022-05-06T17:07:40-05:00,2021-01-01,2021-12-31,2021,833940028,Health Commons Project,4641 225th Ave SE,,Sammamish,WA,98075,Help local communities in Washington State design and implement testing and vaccination services to help fight the COVID-19 pandemic.,2020.0,www.healthcommonsproject.org,19,5.0,5496750,70746,0,0,5567496,845924,1781391,3584356,294423.0,2395814,77.0,121556,294346.0,2274258,2022,202231269349302493,202231269349302493_public.xml,2022_TEOS_XML_01A.zip,data/raw/form990_xml/2022/202231269349302493_public.xml,1983140,2101391.0,1979912.0,2021,365,False,False,True,False,False,False,0,0.3561996272651116,0.9872930308346877,0.012706969165312377,0.05073682681543726,0
2022v5.0,2023-05-08T16:55:33-05:00,2022-01-01,2022-12-31,2022,833940028,Health Commons Project,4580 Klahanie Dr SE 424,,Sammamish,WA,98029,Health Commons Project mission is to close health equity gaps in underinvested communities.,2020.0,www.healthcommonsproject.org,22,5.0,7949980,0,0,0,7949980,1887623,2750926,5611693,2395814.0,4644067,121556.0,31522,2274258.0,4612545,2023,202321289349303377,202321289349303377_public.xml,2023_TEOS_XML_05A.zip,data/raw/form990_xml/2023/202321289349303377_public.xml,2338287,2248253.0,2338287.0,2022,365,False,False,True,False,False,False,0,0.29412489088022864,1.0,0.0,0.006787585105899635,0
2023v5.0,2024-05-08T15:59:40-05:00,2023-01-01,2023-12-31,2023,833940028,Health Commons Project,4580 Klahanie Dr SE 424,,Sammamish,WA,98029,Health Commons Project mission is to close health equity gaps in underinvested communities.,2020.0,www.healthcommonsproject.org,21,0.0,6039144,0,46392,0,6085536,2729443,2487636,6133796,4644067.0,4824792,31522.0,260770,4612545.0,4564022,2024,202411299349303661,202411299349303661_public.xml,2024_TEOS_XML_05A.zip,data/raw/form990_xml/2024/202411299349303661_public.xml,-48260,180725.0,-48523.0,2023,365,False,False,True,False,False,False,0,-0.007930279272031255,0.9923766780773295,0.0,0.054047925796593926,0
2021v4.2,2022-06-24T11:15:01-05:00,2021-01-01,2021-12-31,2021,844258998,RESIDENCE XII FOUNDATION,14950 NE 147TH PLACE,,WOODINVILLE,WA,98072,PROVIDE ASSISTANCE TO WOMEN AND THEIR FAMILIES TO PROMOTE SUCCESSFUL SUBSTANCE ABUSE RECOVERY.,2019.0,RESIDENCEXIIFOUNDATION.ORG,0,3.0,29953,0,89618,0,119571,160000,0,181519,3492054.0,3435345,0.0,0,3492054.0,3435345,2022,202211759349300906,202211759349300906_public.xml,2022_TEOS_XML_01A.zip,data/raw/form990_xml/2022/202211759349300906_public.xml,-61948,-56709.0,-56709.0,2021,365,False,False,True,False,False,False,0,-0.5180854889563523,0.25050388472121166,0.0,0.0,0
2022v5.0,2023-05-01T18:04:11-05:00,2022-01-01,2022-12-31,2022,844258998,RESIDENCE XII FOUNDATION,14950 NE 14TH PL,,WOODINVILLE,WA,98072,TO PROVIDE ASSISTANCE TO WOMEN AND THEIR FAMILIES TO PROMOTE SUCCESSFUL SUBSTANCE ABUSE RECOVERY,2019.0,RESIDENCEXIIFOUNDATION.ORG,0,4.0,20416,0,69948,0,90364,152700,0,165861,3435345.0,3013421,0.0,0,3435345.0,3013421,2023,202321219349302952,202321219349302952_public.xml,2023_TEOS_XML_05A.zip,data/raw/form990_xml/2023/202321219349302952_public.xml,-75497,-421924.0,-421924.0,2022,365,False,False,True,False,False,False,0,-0.8354765171971139,0.22593068035943517,0.0,0.0,0
2023v5.0,2024-04-29T17:45:13-05:00,2023-01-01,2023-12-31,2023,844258998,RESIDENCE XII FOUNDATION,14950 NE 147TH PL,,WOODINVILLE,WA,98072,TO PROVIDE ASSISTANCE TO WOMEN AND THEIR FAMILIES TO PROMOTE SUCCESSFUL SUBSTANCE ABUSE RECOVERY.,2019.0,RESIDENCEXIIFOUNDATION.ORG,0,5.0,13774,15324,85939,0,115037,160000,0,194542,3013421.0,3141165,0.0,0,3013421.0,3141165,2024,202401209349301340,202401209349301340_public.xml,2024_TEOS_XML_05A.zip,data/raw/form990_xml/2024/202401209349301340_public.xml,-79505,127744.0,127744.0,2023,365,False,False,True,False,False,False,0,-0.6911254639811539,0.11973538948338361,0.13320931526378468,0.0,0
2021v4.2,2022-07-19T11:48:59-05:00,2021-01-01,2021-12-31,2021,851543325,TUBMAN CENTER FOR HEALTH & FREEDOM,PO BOX 18612,,SEATTLE,WA,98118,THE TUBMAN CENTER FOR HEALTH & FREEDOM ADDRESSES HEALTH AND WELLNESS FROM A MULTI-MODAL APPROACH.,2020.0,HTTP://WWW.TUBMANHEALTH.ORG,5,25.0,715675,9600,0,0,725275,0,148965,312940,11710.0,424045,0.0,0,11710.0,424045,2022,202212009349300526,202212009349300526_public.xml,2022_TEOS_XML_01A.zip,data/raw/form990_xml/2022/202212009349300526_public.xml,412335,412335.0,412335.0,2021,365,False,False,True,False,False,False,0,0.5685222846506498,0.9867636413774086,0.013236358622591432,0.0,0
2022v5.0,2023-11-15T20:32:08-06:00,2022-01-01,2022-12-31,2022,851543325,TUBMAN CENTER FOR HEALTH & FREEDOM,PO BOX 18612,,SEATTLE,WA,98118,"THE TUBMAN CENTER FOR HEALTH & FREEDOM ADDRESSES HEALTH AND WELLNESS FROM BOTH SYSTEMIC AND CLINICAL APPROACHES. BY PRACTICING MEDICINE FROM THE INTERSECTION OF HEALTH AND FREEDOM, WE ADDRESS BOTH THE HEALTH OF OUR PATIENTS AS WELL AS THE FACTORS THAT DETERMINE THEIR HEALTH. TUBMAN HEALTH PROVIDES PRIMARY AND PREVENTATIVE CARE, COMMUNITY RESOURCES, SOCIAL SERVICES, POLITICAL EDUCATION AND ADVOCACY.",2020.0,WWW.TUBMANHEALTH.ORG,12,20.0,2839388,461303,67,0,3300758,32950,784957,1196617,424045.0,2528159,0.0,0,424045.0,2528159,2023,202313199349330521,202313199349330521_public.xml,2023_TEOS_XML_11A.zip,data/raw/form990_xml/2023/202313199349330521_public.xml,2104141,2104114.0,2104114.0,2022,365,False,False,True,False,False,False,0,0.6374720594481631,0.8602230154406958,0.1397566861914748,0.0,0
2023v5.0,2024-08-27T09:46:03-07:00,2023-01-01,2023-12-31,2023,851543325,TUBMAN CENTER FOR HEALTH & FREEDOM,PO BOX 18612,,SEATTLE,WA,98118,"THE TUBMAN CENTER FOR HEALTH & FREEDOM ADDRESSES HEALTH AND WELLNESS FROM BOTH SYSTEMIC AND CLINICAL APPROACHES. BY PRACTICING MEDICINE FROM THE INTERSECTION OF HEALTH AND FREEDOM, WE ADDRESS BOTH THE HEALTH OF OUR PATIENTS AS WELL AS THE FACTORS THAT DETERMINE THEIR HEALTH. TUBMAN HEALTH PROVIDES PRIMARY AND PREVENTATIVE CARE, COMMUNITY RESOURCES, SOCIAL SERVICES, POLITICAL EDUCATION AND ADVOCACY.",2020.0,WWW.TUBMANHEALTH.ORG,20,23.0,2270135,7043924,172,0,9314231,285,1220006,2056352,2528159.0,11290213,0.0,0,2528159.0,11290213,2024,202402499349300740,202402499349300740_public.xml,2024_TEOS_XML_09A.zip,data/raw/form990_xml/2024/202402499349300740_public.xml,7257879,8762054.0,8762054.0,2023,365,False,False,True,False,False,False,0,0.7792247153844477,0.24372758201938519,0.7562539516144704,0.0,0
2021v4.2,2022-06-01T11:28:58-05:00,2021-01-01,2021-12-31,2021,852861558,NEIGHBORCARE HEALTH FOUNDATION,1200 12TH AVENUE SOUTH 901,,SEATTLE,WA,98144,"TO SUPPORT AND BENEFIT, FINANCIALLY AND OPERATIONALLY, NEIGHBORCARE HEALTH.",2020.0,,0,9.0,414617,0,0,71476,486093,0,269517,292292,,271910,,78109,,193801,2022,202201529349300435,202201529349300435_public.xml,2022_TEOS_XML_01A.zip,data/raw/form990_xml/2022/202201529349300435_public.xml,193801,,,2021,365,False,False,True,False,False,False,0,0.3986911969520236,0.8529581787847181,0.0,0.2872604906035085,0
2022v5.0,2023-05-15T10:11:01-05:00,2022-01-01,2022-12-31,2022,852861558,NEIGHBORCARE HEALTH FOUNDATION,1200 12TH AVENUE SOUTH 901,,SEATTLE,WA,98144,"TO SUPPORT AND BENEFIT, FINANCIALLY AND OPERATIONALLY, NEIGHBORCARE HEALTH.",2020.0,HTTPS://NEIGHBORCARE.ORG/SUPPORT-US/,0,12.0,129692,0,0,-49739,79953,0,199750,207693,271910.0,399228,78109.0,333167,193801.0,66061,2023,202331359349304783,202331359349304783_public.xml,2023_TEOS_XML_05A.zip,data/raw/form990_xml/2023/202331359349304783_public.xml,-127740,127318.0,-127740.0,2022,365,False,False,True,False,False,False,0,-1.5976886420772203,1.6221029855039837,0.0,0.8345281393088662,0
2023v5.0,2024-05-14T16:14:36-05:00,2023-01-01,2023-12-31,2023,852861558,NEIGHBORCARE HEALTH FOUNDATION,1200 12TH AVENUE SOUTH 901,,SEATTLE,WA,98144,"TO SUPPORT AND BENEFIT, FINANCIALLY AND OPERATIONALLY, NEIGHBORCARE HEALTH.",2020.0,HTTPS://NEIGHBORCARE.ORG/SUPPORT-US/,0,14.0,744708,0,0,-58891,685817,270876,293371,607132,399228.0,246888,333167.0,102142,66061.0,144746,2024,202401359349310835,202401359349310835_public.xml,2024_TEOS_XML_05A.zip,data/raw/form990_xml/2024/202401359349310835_public.xml,78685,-152340.0,78685.0,2023,365,False,False,True,False,False,False,0,0.11473177246991545,1.0858698457460225,0.0,0.4137179611807783,0
2020v4.1,2022-08-16T18:16:14-04:00,2020-06-01,2021-05-31,2020,861108537,FRIENDS OF FSH RESEARCH,217 19TH PLACE,,KIRKLAND,WA,98033,FRIENDS OF FSH RESEARCH A 501C3 ORGANIZATION IS WORKING TO IMPACT THE LIVES OF THOSE AFFECTED BY FSH MUSCULAR DYSTROPHY BY FINANCIALLY SUPPORTING FSHD RESEARCH,2004.0,WWW.FSHFRIENDS.ORG,0,20.0,528004,0,3342,-626,530720,804848,0,812345,903307.0,622351,,669,903307.0,621682,2022,202212289349301541,202212289349301541_public.xml,2022_TEOS_XML_01A.zip,data/raw/form990_xml/2022/202212289349301541_public.xml,-281625,-280956.0,-281625.0,2021,365,False,False,True,False,False,False,0,-0.530647045523063,0.9948824238769973,0.0,0.0010749560939084214,0
2021v4.2,2022-10-05T18:06:46-04:00,2021-06-01,2022-05-31,2021,861108537,FRIENDS OF FSH RESEARCH,217 19TH PLACE,,KIRKLAND,WA,98033,FRIENDS OF FSH RESEARCH A 501C3 ORGANIZATION IS WORKING TO IMPACT THE LIVES OF THOSE AFFECTED BY FSH MUSCULAR DYSTROPHY BY FINANCIALLY SUPPORTING FSHD RESEARCH,2004.0,WWW.FSHFRIENDS.ORG,0,20.0,502254,0,1976,-23392,480838,408293,0,413857,622351.0,688663,669.0,0,621682.0,688663,2022,202232789349301728,202232789349301728_public.xml,2022_TEOS_XML_01A.zip,data/raw/form990_xml/2022/202232789349301728_public.xml,66981,66312.0,66981.0,2022,365,False,False,True,False,False,False,0,0.13930055444869166,1.0445389091544346,0.0,0.0,0
2022v5.0,2023-09-06T19:53:39-04:00,2022-06-01,2023-05-31,2022,861108537,FRIENDS OF FSH RESEARCH,217 19TH PLACE,,KIRKLAND,WA,98033,FRIENDS OF FSH RESEARCH A 501C3 ORGANIZATION IS WORKING TO IMPACT THE LIVES OF THOSE AFFECTED BY FSH MUSCULAR DYSTROPHY BY FINANCIALLY SUPPORTING FSHD RESEARCH,2004.0,WWW.FSHFRIENDS.ORG,0,20.0,771033,0,14822,-40393,745462,771742,0,788757,688663.0,645445,,77,688663.0,645368,2023,202312499349301956,202312499349301956_public.xml,2023_TEOS_XML_09A.zip,data/raw/form990_xml/2023/202312499349301956_public.xml,-43295,-43218.0,-43295.0,2023,365,False,False,True,False,False,False,0,-0.05807807775580781,1.0343022179534302,0.0,0.00011929753890726553,0
2021v4.1,2022-07-19T10:12:09-07:00,2021-01-01,2021-12-31,2021,910575956,Easter Seals Washington,200 West Mercer Street,,Seattle,WA,98119,"Easterseals Washington is changing the way the world defines and views disabilities by making profound, positive differences in people's lives every day. We enrich education, enhance health, expand employment, and elevate our community.",1947.0,www.easterseals.com/washington,174,34.0,1693427,3584837,32905,1361,5312530,0,3812325,5043832,6029844.0,6760595,300332.0,696976,5729512.0,6063619,2022,202242009349301109,202242009349301109_public.xml,2022_TEOS_XML_01A.zip,data/raw/form990_xml/2022/202242009349301109_public.xml,268698,730751.0,334107.0,2021,365,False,False,True,False,False,False,0,0.05057816144097069,0.318760929350046,0.674789036485441,0.10309388448797777,0
2022v5.0,2023-06-09T10:31:25-07:00,2022-01-01,2022-12-31,2022,910575956,Easter Seals Washington,200 West Mercer Street,,Seattle,WA,98119,"Easterseals Washington is changing the way the world defines and views disabilities by making profound, positive differences in people's lives every day. We enrich education, enhance health, expand employment, and elevate our community.",1947.0,www.easterseals.com/washington,193,34.0,1730857,4546779,52205,5838,6335679,0,4806426,6336486,6760595.0,6798166,696976.0,930648,6063619.0,5867518,2023,202311609349300896,202311609349300896_public.xml,2023_TEOS_XML_06A.zip,data/raw/form990_xml/2023/202311609349300896_public.xml,-807,37571.0,-196101.0,2022,365,False,False,True,False,False,False,0,-0.00012737387736973417,0.27319202882595534,0.7176466800164591,0.13689692190511382,0
2023v5.0,2024-05-13T09:27:14-07:00,2023-01-01,2023-12-31,2023,910575956,Easter Seals Washington,200 West Mercer Street,,Seattle,WA,98119,"Easterseals Washington is changing the way the world defines and views disabilities by making profound, positive differences in people's lives every day. We enrich education, enhance health, expand employment, and elevate our community.",1947.0,www.easterseals.com/washington,166,34.0,1759136,5029545,193819,547,6983047,0,4910955,6778678,6798166.0,7235377,930648.0,1015507,5867518.0,6219870,2024,202401349349304260,202401349349304260_public.xml,2024_TEOS_XML_05A.zip,data/raw/form990_xml/2024/202401349349304260_public.xml,204369,437211.0,352352.0,2023,365,False,False,True,False,False,False,0,0.029266450590981274,0.2519152455940795,0.72025077305079,0.14035301823249846,0
2020v4.2,2022-05-16T23:02:59-05:00,2020-07-01,2021-06-30,2020,910593488,PROVAIL,12550 AURORA AVE N,,SEATTLE,WA,98133,PROVAIL'S MISSION IS TO SUPPORT PEOPLE WITH DISABILITIES TO FULFILL THEIR LIFE CHOICES.,1942.0,WWW.PROVAIL.ORG,514,50.0,20221486,725692,243,-26509,20920912,0,17411076,19371487,16262574.0,17228128,9353330.0,8844224,6909244.0,8383904,2022,202211379349301101,202211379349301101_public.xml,2022_TEOS_XML_01A.zip,data/raw/form990_xml/2022/202211379349301101_public.xml,1549425,965554.0,1474660.0,2021,365,False,False,True,False,False,False,0,0.07406106387713882,0.9665680922514277,0.03468739794899955,0.5133595478278313,0
2021v4.2,2024-04-15T14:32:04-05:00,2021-07-01,2022-06-30,2021,910593488,PROVAIL,12550 AURORA AVE N,,SEATTLE,WA,98133,PROVAIL'S MISSION IS TO SUPPORT PEOPLE WITH DISABILITIES TO FULFILL THEIR LIFE CHOICES.,1942.0,WWW.PROVAIL.ORG,544,50.0,23120227,944081,167,-76302,23988173,0,18424796,22479721,17228128.0,17311640,8844224.0,7646538,8383904.0,9665102,2024,202401069349301645,202401069349301645_public.xml,2024_TEOS_XML_04A.zip,data/raw/form990_xml/2024/202401069349301645_public.xml,1508452,83512.0,1281198.0,2022,365,False,False,True,False,False,False,0,0.06288315496140535,0.9638177530235421,0.03935610269277281,0.4416992266475042,0
2022v5.0,2024-05-15T11:44:46-05:00,2022-07-01,2023-06-30,2022,910593488,PROVAIL,12550 AURORA AVE N,,SEATTLE,WA,98133,PROVAIL'S MISSION IS TO SUPPORT PEOPLE WITH DISABILITIES TO FULFILL THEIR LIFE CHOICES.,1942.0,WWW.PROVAIL.ORG,558,50.0,24666148,885428,76357,-213181,25414752,0,22106272,26176015,17311640.0,18277332,7646538.0,9342090,9665102.0,8935242,2024,202421369349307532,202421369349307532_public.xml,2024_TEOS_XML_05A.zip,data/raw/form990_xml/2024/202421369349307532_public.xml,-761263,965692.0,-729860.0,2023,365,False,False,True,False,False,False,0,-0.029953587585666783,0.9705445089529104,0.0348391359475001,0.5111298519937155,0
2020v4.2,2022-05-10T18:25:42-05:00,2020-07-01,2021-06-30,2020,910652651,OVERLAKE HOSPITAL MEDICAL CENTER,1035 116TH AVENUE NE,,BELLEVUE,WA,98004,"THE PURPOSE IS TO OPERATE A HOSPITAL FOR THE CARE OF PERSONS, TO PARTICIPATE IN EDUCATION, RESEARCH AND OTHER ACTIVITIES DESIGNED TO PROMOTE GENERAL HEALTH OF THE COMMUNITY. THE HOSPITAL'S MISSION IS TO PROVIDE COMPASSIONATE CARE FOR EVERY LIFE WE TOUCH.",1953.0,WWW.OVERLAKEHOSPITAL.ORG,3744,70.0,22279637,590464551,31935333,3826174,648505695,2432603,346379941,623344871,1038955191.0,1137955919,472809344.0,486725975,566145847.0,651229944,2022,202211309349305211,202211309349305211_public.xml,2022_TEOS_XML_01A.zip,data/raw/form990_xml/2022/202211309349305211_public.xml,25160824,99000728.0,85084097.0,2021,365,False,False,True,False,False,False,0,0.03879815427064214,0.034355345175496106,0.9105001784140077,0.42771953365972165,0
2021v4.2,2023-05-12T14:53:49-05:00,2021-07-01,2022-06-30,2021,910652651,OVERLAKE HOSPITAL MEDICAL CENTER,1035 116TH AVENUE NE,,BELLEVUE,WA,98004,"THE PURPOSE IS TO OPERATE A HOSPITAL FOR THE CARE OF PERSONS, TO PARTICIPATE IN EDUCATION, RESEARCH AND OTHER ACTIVITIES DESIGNED TO PROMOTE GENERAL HEALTH OF THE COMMUNITY. THE HOSPITAL'S MISSION IS TO PROVIDE COMPASSIONATE CARE FOR EVERY LIFE WE TOUCH.",1953.0,WWW.OVERLAKEHOSPITAL.ORG,3367,136.0,18628819,626810817,52665991,4685455,702791082,2803542,385579117,714031598,1137955919.0,1021060160,486725975.0,503607176,651229944.0,517452984,2023,202341329349307629,202341329349307629_public.xml,2023_TEOS_XML_05A.zip,data/raw/form990_xml/2023/202341329349307629_public.xml,-11240516,-116895759.0,-133776960.0,2022,365,False,False,True,False,False,False,0,-0.015994107335585116,0.02650690863490496,0.8918878355943624,0.4932198862797663,0
2022v5.0,2024-05-10T13:32:31-05:00,2022-07-01,2023-06-30,2022,910652651,OVERLAKE HOSPITAL MEDICAL CENTER,1035 116TH AVENUE NE,,BELLEVUE,WA,98004,"THE PURPOSE IS TO OPERATE A HOSPITAL FOR THE CARE OF PERSONS, TO PARTICIPATE IN EDUCATION, RESEARCH AND OTHER ACTIVITIES DESIGNED TO PROMOTE GENERAL HEALTH OF THE COMMUNITY. THE HOSPITAL'S MISSION IS TO PROVIDE COMPASSIONATE CARE FOR EVERY LIFE WE TOUCH.",1953.0,WWW.OVERLAKEHOSPITAL.ORG,4158,184.0,27105587,687379971,4353257,3304787,722143602,2678500,427993754,767321087,1021060160.0,933613010,503607176.0,443686169,517452984.0,489926841,2024,202401319349303615,202401319349303615_public.xml,2024_TEOS_XML_05A.zip,data/raw/form990_xml/2024/202401319349303615_public.xml,-45177485,-87447150.0,-27526143.0,2023,365,False,False,True,False,False,False,0,-0.06256025100115753,0.0375348987721143,0.9518605012857263,0.4752356321598389,0
2020v4.0,2022-09-29T17:15:34-05:00,2020-10-01,2021-09-30,2020,910667886,Pacific Northwest Research Institute,720 Broadway,,Seattle,WA,98122,A BIOMEDICAL RESEARCH INSTITUTE AIMED AT UNDERSTANDING HOW HEALTH IS MAINTAINED IN THE FACE OF GENETIC AND ENVRIONMENTAL RISKS,1956.0,www.pnri.org,0,,6597150,1425,0,328463,6927038,71373,6538248,9834724,28507376.0,26418293,815598.0,562438,27691778.0,25855855,2022,202242729349301334,202242729349301334_public.xml,2022_TEOS_XML_01A.zip,data/raw/form990_xml/2022/202242729349301334_public.xml,-2907686,-2089083.0,-1835923.0,2021,365,False,False,True,False,False,False,0,-0.4197589214899644,0.9523767590130153,0.0002057156319916247,0.02128971769674899,0
2021v4.2,2024-10-18T13:45:56-05:00,2021-10-01,2022-09-30,2021,910667886,PACIFIC NORTHWEST RESEARCH INSTITUTE,720 BROADWAY,,SEATTLE,WA,98122,"AN INDEPENDENT, BIOMEDICAL RESEARCH INSTITUTE AIMED AT UNDERSTANDING HOW HEALTH IS MAINTAINED IN THE FACE OF GENETIC AND ENVIRONMENTAL RISKS ASSOCIATED WITH DISEASE DEVELOPMENT.",1956.0,WWW.PNRI.ORG,98,10.0,6134304,925,5108,390577,6530914,51267,6874054,10435104,26418292.0,21360540,562438.0,674993,25855854.0,20685547,2024,202442929349301604,202442929349301604_public.xml,2024_TEOS_XML_10A.zip,data/raw/form990_xml/2024/202442929349301604_public.xml,-3904190,-5057752.0,-5170307.0,2022,365,False,False,True,False,False,False,0,-0.5978014715857536,0.9392718997677814,0.00014163408062026233,0.031599997003821066,0
2022v5.0,2024-10-18T13:45:02-05:00,2022-10-01,2023-09-30,2022,910667886,PACIFIC NORTHWEST RESEARCH INSTITUTE,720 BROADWAY,,SEATTLE,WA,98122,"AN INDEPENDENT, BIOMEDICAL RESEARCH INSTITUTE AIMED AT UNDERSTANDING HOW HEALTH IS MAINTAINED IN THE FACE OF GENETIC AND ENVIRONMENTAL RISKS ASSOCIATED WITH DISEASE DEVELOPMENT.",1956.0,WWW.PNRI.ORG,106,11.0,5162453,6816,42751,406735,5618755,33741,7480230,11495518,21360540.0,16806789,674993.0,1031801,20685547.0,15774988,2024,202432929349301238,202432929349301238_public.xml,2024_TEOS_XML_10A.zip,data/raw/form990_xml/2024/202432929349301238_public.xml,-5876763,-4553751.0,-4910559.0,2023,365,False,False,True,False,False,False,0,-1.045919069260005,0.9187894827234859,0.0012130801218419383,0.06139191727819038,0
2020v4.0,2022-05-09T17:27:58-07:00,2020-07-01,2021-06-30,2020,910681207,Hearing Speech and Deafness Center,1625 - 19th Ave,,Seattle,WA,98122,"HSDC is a Western Washington service hub for clients who are deaf, hard of hearing, or who face communication barriers. We envision an inclusive, accessible world, where everyone is understood and respected.",1937.0,www.hsdc.org,61,13.0,1630495,2569141,6660,137310,4343606,0,2056305,4324190,6157354.0,6308269,2450107.0,2581606,3707247.0,3726663,2022,202231299349302793,202231299349302793_public.xml,2022_TEOS_XML_01A.zip,data/raw/form990_xml/2022/202231299349302793_public.xml,19416,150915.0,19416.0,2021,365,False,False,True,False,False,False,0,0.004470018689540441,0.37537819958808416,0.591476528948528,0.4092415843395391,0
2021v4.2,2023-05-25T12:53:53-05:00,2021-07-01,2022-06-30,2021,910681207,HEARING SPEECH AND DEAFNESS CENTER,1625 - 19TH AVE,,SEATTLE,WA,98122,"HSDC IS A WESTERN WASHINGTON SERVICE HUB FOR CLIENTS WHO ARE DEAF, HARD OF HEARING, OR WHO FACE COMMUNICATION BARRIERS. WE ENVISION AN INCLUSIVE, ACCESSIBLE WORLD, WHERE EVERYONE IS UNDERSTOOD AND RESPECTED.",1937.0,WWW.HSDC.ORG,61,13.0,1832583,3271640,2468,87940,5194631,0,2848821,5494162,6308269.0,5405709,2581606.0,1978577,3726663.0,3427132,2023,202301459349300625,202301459349300625_public.xml,2023_TEOS_XML_05A.zip,data/raw/form990_xml/2023/202301459349300625_public.xml,-299531,-902560.0,-299531.0,2022,365,False,False,True,False,False,False,0,-0.05766165103931348,0.3527840572313991,0.6298118191648261,0.3660161877008178,0
2022v5.0,2024-05-15T17:38:14-07:00,2022-07-01,2023-06-30,2022,910681207,HEARING SPEECH AND DEAFNESS CENTER,1625 19TH AVENUE,,SEATTLE,WA,98122,"HSDC IS A WESTERN WASHINGTON SERVICE HUB FOR CLIENTS WHO ARE DEAF, HARD OF HEARING, OR WHO FACE COMMUNICATION BARRIERS. WE ENVISION AN INCLUSIVE, ACCESSIBLE WORLD, WHERE EVERYONE IS UNDERSTOOD AND RESPECTED.",1937.0,WWW.HSDC.ORG,63,,2375449,2782196,6674,112358,5276677,0,2919578,5265630,5405709.0,5318281,1978577.0,1898383,3427132.0,3419898,2024,202401369349318710,202401369349318710_public.xml,2024_TEOS_XML_05A.zip,data/raw/form990_xml/2024/202401369349318710_public.xml,11047,-87428.0,-7234.0,2023,365,False,False,True,False,False,False,0,0.0020935524384001524,0.45017896680050723,0.527262896705635,0.3569542489387078,0
2021v4.0,2022-07-22T16:37:03-07:00,2021-01-01,2021-12-31,2021,910773187,CRISIS CONNECTIONS,2901 3RD AVENUE SUITE 100,,SEATTLE,WA,98121,Our passion is caring and listening; empowering people to make positive life changes. We do this through connections between people and critical resources.,1963.0,,241,,13964045,0,647,10998,13975690,0,8745260,13640923,5550206.0,5907459,766656.0,788256,4783550.0,5119203,2022,202222039349300547,202222039349300547_public.xml,2022_TEOS_XML_01A.zip,data/raw/form990_xml/2022/202222039349300547_public.xml,334767,357253.0,335653.0,2021,365,False,False,True,False,False,False,0,0.023953522151679094,0.999166767436885,0.0,0.13343401960132098,0
2022v5.0,2023-06-15T16:23:34-05:00,2022-01-01,2022-12-31,2022,910773187,CRISIS CONNECTIONS,2901 3RD AVE 100,,SEATTLE,WA,98121,TO FOSTER RESILIENCE AND WELLBEING FOR ALL BY CONNECTING PEOPLE TO ACCESSIBLE AND COMPASSIONATE SUPPORT.,1963.0,WWW.CRISISCONNECTIONS.ORG,336,390.0,14167441,115837,-8044,17266,14292500,0,10166883,14151393,5907459.0,11306114,788256.0,6045804,5119203.0,5260310,2023,202301669349302310,202301669349302310_public.xml,2023_TEOS_XML_06A.zip,data/raw/form990_xml/2023/202301669349302310_public.xml,141107,5398655.0,141107.0,2022,365,False,False,True,False,False,False,0,0.009872800419800595,0.9912500262375372,0.008104740248382019,0.5347375765006438,0
2023v5.1,2024-06-25T11:28:19-05:00,2023-01-01,2023-12-31,2023,910773187,CRISIS CONNECTIONS,2901 3RD AVE 100,,SEATTLE,WA,98121,TO FOSTER RESILIENCE AND WELLBEING FOR ALL BY CONNECTING PEOPLE TO ACCESSIBLE AND COMPASSIONATE SUPPORT.,1963.0,WWW.CRISISCONNECTIONS.ORG,406,533.0,19827278,39618,26458,978,19894332,0,14833454,19348941,11306114.0,10625047,6045804.0,4819346,5260310.0,5805701,2024,202401779349301300,202401779349301300_public.xml,2024_TEOS_XML_07A.zip,data/raw/form990_xml/2024/202401779349301300_public.xml,545391,-681067.0,545391.0,2023,365,False,False,True,False,False,False,0,0.027414391194436685,0.9966294922594033,0.0019914214762275003,0.45358349944240245,0
2021v4.2,2022-10-05T15:23:09-05:00,2021-01-01,2021-12-31,2021,910848698,NAVOS,PO Box 46420,,Seattle,WA,981460420,"COMMUNITY SUPPORT - THERAPY, INPATIENT, DAY TREATMENT, MEDICATION AND, CASE MANAGEMENT SERVICES TO THE SEVERELY, PERSISTENTLY MENTALLY ILL.",1963.0,Navos.org,537,9.0,3126930,42284924,2424,147722,45562000,0,32600815,52713193,79001670.0,79031001,48859880.0,39871001,30141790.0,39160000,2022,202242789349301804,202242789349301804_public.xml,2022_TEOS_XML_01A.zip,data/raw/form990_xml/2022/202242789349301804_public.xml,-7151193,29331.0,9018210.0,2021,365,False,False,True,False,False,False,0,-0.15695520389798517,0.0686302181642597,0.9280743602124577,0.5044982411395751,0
2022v5.0,2023-11-02T13:42:57-05:00,2022-01-01,2022-12-31,2022,910848698,NAVOS,POBOX 46420,,SEATTLE,WA,981460420,TO TRANSFORM THE QUALITY OF LIFE FOR PEOPLE VULNERABLE TO MENTAL ILLNESS & SUBSTANCE ABUSE DISORDERS.,1963.0,NAVOS.ORG,387,12.0,38598,40584775,227383,228597,41079353,0,29878296,44287000,79031001.0,79448489,39871001.0,40422489,39160000.0,39026000,2023,202323069349301997,202323069349301997_public.xml,2023_TEOS_XML_11A.zip,data/raw/form990_xml/2023/202323069349301997_public.xml,-3207647,417488.0,-134000.0,2022,365,False,False,True,False,False,False,0,-0.07808416554175038,0.0009395961031810798,0.9879604238168016,0.5087886441742145,0
2023v5.1,2024-10-16T16:05:56-05:00,2023-01-01,2023-12-31,2023,910848698,NAVOS,POBOX 46420,,SEATTLE,WA,981460420,TO TRANSFORM THE QUALITY OF LIFE FOR PEOPLE VULNERABLE TO MENTAL ILLNESS & SUBSTANCE ABUSE DISORDERS.,1963.0,NAVOS.ORG,259,14.0,2065183,44430269,441103,365500,47302055,0,29615576,44908744,79448489.0,89405939,40422489.0,47896820,39026000.0,41509119,2024,202442909349301594,202442909349301594_public.xml,2024_TEOS_XML_10A.zip,data/raw/form990_xml/2024/202442909349301594_public.xml,2393311,9957450.0,2483119.0,2023,365,False,False,True,False,False,False,0,0.050596343013004405,0.04365947737365745,0.9392883459291568,0.5357230239481071,0
2020v4.1,2022-08-15T17:24:02-04:00,2020-10-01,2021-09-30,2020,910856575,SUNRISE HAVEN,24423 100TH AVE SE,,KENT,WA,980304846,"CHRISTIAN SCIENCE NURSING-INSPIRING, LOVING, AND HEALING HUMANITY. SUNRISE HAVEN EXISTS TO PROVIDE AN ENVIRONMENT CONDUCIVE TO SPIRITUAL HEALING FOR THE PRACTICE OF CHRISTIAN SCIENCE NURSING AS ESTABLISHED IN THE CHURCH MANUAL BYLAW.",1983.0,SUNRISEHAVEN.ORG,34,18.0,443330,1103432,307536,0,1854298,25071,1055680,1403506,4612923.0,5359220,95829.0,104313,4517094.0,5254907,2022,202232279349303428,202232279349303428_public.xml,2022_TEOS_XML_01A.zip,data/raw/form990_xml/2022/202232279349303428_public.xml,450792,746297.0,737813.0,2021,365,False,False,True,False,False,False,0,0.24310655568846,0.23908239128770026,0.5950672437763509,0.019464213075783415,0
2021v4.2,2023-08-14T21:55:52-04:00,2021-10-01,2022-09-30,2021,910856575,SUNRISE HAVEN,24423 100TH AVE SE,,KENT,WA,980304846,"CHRISTIAN SCIENCE NURSING-INSPIRING, LOVING, AND HEALING HUMANITY. SUNRISE HAVEN EXISTS TO PROVIDE AN ENVIRONMENT CONDUCIVE TO SPIRITUAL HEALING FOR THE PRACTICE OF CHRISTIAN SCIENCE NURSING AS ESTABLISHED IN THE CHURCH MANUAL BYLAW.",1983.0,SUNRISEHAVEN.ORG,37,16.0,867833,741829,256014,0,1865676,535,1180541,1639786,5359220.0,4784356,104313.0,115652,5254907.0,4668704,2023,202342269349302744,202342269349302744_public.xml,2023_TEOS_XML_08A.zip,data/raw/form990_xml/2023/202342269349302744_public.xml,225890,-574864.0,-586203.0,2022,365,False,False,True,False,False,False,0,0.12107675716469526,0.4651574013923103,0.3976194151610462,0.024172950340651908,0
2022v5.0,2024-08-14T10:29:36-04:00,2022-10-01,2023-09-30,2022,910856575,SUNRISE HAVEN,24423 100TH AVE SE,,KENT,WA,980304846,"CHRISTIAN SCIENCE NURSING-INSPIRING, LOVING, AND HEALING HUMANITY. SUNRISE HAVEN EXISTS TO PROVIDE AN ENVIRONMENT CONDUCIVE TO SPIRITUAL HEALING FOR THE PRACTICE OF CHRISTIAN SCIENCE NURSING AS ESTABLISHED IN THE CHURCH MANUAL BYLAW.",1983.0,SUNRISEHAVEN.ORG,36,15.0,395894,638857,93841,0,1128592,8316,1147428,1563253,4784356.0,4544144,115652.0,128264,4668704.0,4415880,2024,202412279349300826,202412279349300826_public.xml,2024_TEOS_XML_08A.zip,data/raw/form990_xml/2024/202412279349300826_public.xml,-434661,-240212.0,-252824.0,2023,365,False,False,True,False,False,False,0,-0.38513563803393963,0.3507857578292244,0.5660655046287764,0.028226218183226588,0
2020v4.2,2022-08-15T10:49:02-05:00,2020-10-01,2021-09-30,2020,910869056,SEATTLE INDIAN HEALTH BOARD,611 12TH AVENUE SOUTH,,SEATTLE,WA,98144,"ADVOCATE FOR, PROVIDE, AND ENSURE CULTURALLY APPROPRIATE, HIGH QUALITY, AND ACCESSIBLE HEALTH AND HUMAN SERVICES TO AMERICAN INDIANS AND ALASKA NATIVES.",1970.0,WWW.SIHB.ORG,291,12.0,23908609,9009156,5863558,181618,38962941,22290,16074895,29717888,24258366.0,30642296,6494647.0,3606138,17763719.0,27036158,2022,202232279349302708,202232279349302708_public.xml,2022_TEOS_XML_01A.zip,data/raw/form990_xml/2022/202232279349302708_public.xml,9245053,6383930.0,9272439.0,2021,365,False,False,True,False,False,False,0,0.23727810998661522,0.6136243411399566,0.23122371588941398,0.11768498026388101,0
2021v4.2,2023-08-07T17:28:14-05:00,2021-10-01,2022-09-30,2021,910869056,SEATTLE INDIAN HEALTH BOARD,611 12TH AVENUE SOUTH,,SEATTLE,WA,98144,"SEATTLE INDIAN HEALTH BOARD IS A COMMUNITY HEALTH CENTER THAT PROVIDES HEALTH AND HUMAN SERVICES TO ITS PATIENTS, WHILE SPECIALIZING IN THE CARE OF NATIVE PEOPLE. WE ARE RECOGNIZED AS A LEADER IN THE PROMOTION OF HEALTH IMPROVEMENT FOR URBAN AMERICAN INDIANS AND ALASKA NATIVES, LOCALLY AND NATIONALLY.",1970.0,WWW.SIHB.ORG,294,23.0,22685607,7169226,45555,58072,29958460,1963909,17869053,30089600,30642296.0,35510203,3606138.0,8593241,27036158.0,26916962,2023,202322199349301802,202322199349301802_public.xml,2023_TEOS_XML_08A.zip,data/raw/form990_xml/2023/202322199349301802_public.xml,-131140,4867907.0,-119196.0,2022,365,False,False,True,False,False,False,0,-0.004377394565675272,0.7572354186430144,0.23930555842990595,0.24199357576187328,0
2022v5.0,2024-08-02T14:02:04-05:00,2022-10-01,2023-09-30,2022,910869056,SEATTLE INDIAN HEALTH BOARD,611 12TH AVENUE SOUTH,,SEATTLE,WA,98144,"SEATTLE INDIAN HEALTH BOARD IS A COMMUNITY HEALTH CENTER THAT PROVIDES HEALTH AND HUMAN SERVICES TO ITS PATIENTS, WHILE SPECIALIZING IN THE CARE OF NATIVE PEOPLE. WE ARE RECOGNIZED AS A LEADER IN THE PROMOTION OF HEALTH IMPROVEMENT FOR URBAN AMERICAN INDIANS AND ALASKA NATIVES, LOCALLY AND NATIONALLY.",1970.0,WWW.SIHB.ORG,319,15.0,39586918,10135047,459410,113320,50294695,661669,21132813,36213896,35510203.0,48824415,8593241.0,7826654,26916962.0,40997761,2024,202412159349301701,202412159349301701_public.xml,2024_TEOS_XML_08A.zip,data/raw/form990_xml/2024/202412159349301701_public.xml,14080799,13314212.0,14080799.0,2023,365,False,False,True,False,False,False,0,0.27996588904654857,0.7870992755796611,0.20151324110823218,0.16030205379828924,0
2021v4.2,2022-05-24T12:00:15-05:00,2021-01-01,2021-12-31,2021,910893287,NEIGHBORCARE HEALTH,1200 12TH AVENUE SOUTH 901,,SEATTLE,WA,98144,PROVIDE COMPREHENSIVE HEALTH CARE TO FAMILIES AND INDIVIDUALS WHO HAVE DIFFICULTY ACCESSING CARE.,1969.0,WWW.NEIGHBORCARE.ORG,927,20.0,25192627,59655982,72684,2504127,87425420,3500,55694805,83644374,75436366.0,74913475,20870044.0,16622625,54566322.0,58290850,2022,202221449349300432,202221449349300432_public.xml,2022_TEOS_XML_01A.zip,data/raw/form990_xml/2022/202221449349300432_public.xml,3781046,-522891.0,3724528.0,2021,365,False,False,True,False,False,False,0,0.04324881710605451,0.288161349410732,0.682364259731323,0.22189098823676248,0
2022v5.0,2023-05-15T14:37:20-05:00,2022-01-01,2022-12-31,2022,910893287,NEIGHBORCARE HEALTH,1200 12TH AVENUE SOUTH 901,,SEATTLE,WA,98144,PROVIDE COMPREHENSIVE HEALTH CARE TO FAMILIES AND INDIVIDUALS WHO HAVE DIFFICULTY ACCESSING CARE.,1969.0,WWW.NEIGHBORCARE.ORG,880,16.0,33811548,63150835,202921,1795225,98960529,11050,58665398,92060421,74913475.0,86123778,16622625.0,21269772,58290850.0,64854006,2023,202341359349312039,202341359349312039_public.xml,2023_TEOS_XML_05A.zip,data/raw/form990_xml/2023/202341359349312039_public.xml,6900108,11210303.0,6563156.0,2022,365,False,False,True,False,False,False,0,0.06972586009519008,0.341667009480113,0.6381416473632634,0.24696747511471223,0
2023v5.0,2024-05-07T09:41:18-05:00,2023-01-01,2023-12-31,2023,910893287,NEIGHBORCARE HEALTH,1200 12TH AVENUE SOUTH 901,,SEATTLE,WA,98144,PROVIDE COMPREHENSIVE HEALTH CARE TO FAMILIES AND INDIVIDUALS WHO HAVE DIFFICULTY ACCESSING CARE.,1969.0,WWW.NEIGHBORCARE.ORG,893,14.0,29081743,65217756,814127,2810046,97923672,26005,61822728,96523570,86123778.0,89773229,21269772.0,23245707,64854006.0,66527522,2024,202421289349301232,202421289349301232_public.xml,2024_TEOS_XML_05A.zip,data/raw/form990_xml/2024/202421289349301232_public.xml,1400102,3649451.0,1673516.0,2023,365,False,False,True,False,False,False,0,0.014297891116664824,0.29698378753607196,0.666006029675848,0.2589380738438182,0
2020v4.2,2022-04-26T18:33:58-05:00,2020-07-01,2021-06-30,2020,910903529,EVERGREEN TREATMENT SERVICES,4634 E MARGINAL WAY S NO C110,,SEATTLE,WA,981341618,TRANSFORMING INDIVIDUALS AND THEIR COMMUNITIES THROUGH EFFECTIVE ADDICTION AND SOCIAL SERVICES.,1973.0,WWW.EVERGREENTREATMENT.ORG,384,30.0,7435671,31364476,631,499448,39300226,0,24137820,32812150,11895305.0,20519067,6475414.0,6987996,5419891.0,13531071,2022,202231169349301223,202231169349301223_public.xml,2022_TEOS_XML_01A.zip,data/raw/form990_xml/2022/202231169349301223_public.xml,6488076,8623762.0,8111180.0,2021,365,False,False,True,False,False,False,0,0.16509004299364588,0.1892017363971393,0.7980736802887597,0.340561098611355,0
2022v5.0,2023-10-25T13:11:25-05:00,2022-01-01,2022-12-31,2022,910903529,EVERGREEN TREATMENT SERVICES,4634 E MARGINAL WAY S C110,,SEATTLE,WA,981341618,TRANSFORMING INDIVIDUALS AND THEIR COMMUNITIES THROUGH EFFECTIVE ADDICTION AND SOCIAL SERVICES.,1973.0,WWW.EVERGREENTREATMENT.ORG,471,10.0,595409,34280899,54,82610,34958972,1678006,26451155,37741190,20575417.0,21068328,7805994.0,11330952,12769423.0,9737376,2023,202332989349300108,202332989349300108_public.xml,2023_TEOS_XML_10A.zip,data/raw/form990_xml/2023/202332989349300108_public.xml,-2782218,492911.0,-3032047.0,2022,365,False,False,True,False,False,False,0,-0.07958523494340737,0.017031650701857023,0.9806037488745378,0.5378192327364564,0
2023v5.1,2024-09-25T13:18:34-05:00,2023-01-01,2023-12-31,2023,910903529,EVERGREEN TREATMENT SERVICES,4634 E MARGINAL WAY S C110,,SEATTLE,WA,981341618,TRANSFORMING INDIVIDUALS AND THEIR COMMUNITIES THROUGH EFFECTIVE ADDICTION AND SOCIAL SERVICES.,1973.0,WWW.EVERGREENTREATMENT.ORG,417,18.0,518118,41964811,396,-43752,42439573,1378948,30774688,41932283,21068328.0,23820560,11330952.0,13575894,9737376.0,10244666,2024,202412699349300121,202412699349300121_public.xml,2024_TEOS_XML_09A.zip,data/raw/form990_xml/2024/202412699349300121_public.xml,507290,2752232.0,507290.0,2023,365,False,False,True,False,False,False,0,0.011953230537922707,0.012208369768470574,0.9888132239219277,0.5699233771162391,0
2020v4.1,2022-02-28T13:47:55-05:00,2020-10-01,2021-09-30,2020,910953834,WASHINGTON ACADEMY OF GENERAL DENTISTRY,19415 INTERNATIONAL BLVD STE 410,,SEATAC,WA,98188,TO PROVIDE SUPPORT AND FELLOWSHIP TO DENTAL STUDENTS AND DENTISTS IN WASHINGTON STATE.,1972.0,WWW.WASHINGTONAGD.ORG,2,,115792,909079,57,0,1024928,0,189631,1014528,469074.0,460809,255913.0,237248,213161.0,223561,2022,202240599349300709,202240599349300709_public.xml,2022_TEOS_XML_01A.zip,data/raw/form990_xml/2022/202240599349300709_public.xml,10400,-8265.0,10400.0,2021,365,False,False,True,False,False,False,0,0.010147054232102158,0.11297574073495895,0.8869686456024228,0.5148510554264348,0
2021v4.2,2023-03-15T22:10:21-04:00,2021-10-01,2022-09-30,2021,910953834,WASHINGTON ACADEMY OF GENERAL DENTISTRY,19415 INTERNATIONAL BLVD STE 410,,SEATAC,WA,98188,TO PROVIDE SUPPORT AND FELLOWSHIP TO DENTAL STUDENTS AND DENTISTS IN WASHINGTON STATE.,1972.0,WWW.WASHINGTONAGD.ORG,1,,114765,856545,49,0,971359,0,201140,967627,460809.0,473316,237248.0,211771,223561.0,261545,2023,202340759349301519,202340759349301519_public.xml,2023_TEOS_XML_03A.zip,data/raw/form990_xml/2023/202340759349301519_public.xml,3732,12507.0,37984.0,2022,365,False,False,True,False,False,False,0,0.0038420398637373002,0.11814890272288618,0.8818006524879061,0.44741990551766686,0
2022v5.0,2024-12-13T21:04:04-05:00,2022-10-01,2023-09-30,2022,910953834,WASHINGTON ACADEMY OF GENERAL DENTISTRY,19415 INTERNATIONAL BLVD STE 410,,SEATAC,WA,98188,TO PROVIDE SUPPORT AND FELLOWSHIP TO DENTAL STUDENTS AND DENTISTS IN WASHINGTON STATE.,1972.0,WWW.WASHINGTONAGD.ORG,1,,111189,828288,43,0,939520,0,218724,1044992,,394745,,238466,,156279,2024,202413489349300626,202413489349300626_public.xml,2024_TEOS_XML_12A.zip,data/raw/form990_xml/2024/202413489349300626_public.xml,-105472,,,2023,365,False,False,True,False,False,False,0,-0.1122615803814714,0.11834660252043597,0.8816076294277929,0.6041013819047739,0
2021v4.2,2022-09-16T13:21:58-05:00,2021-01-01,2021-12-31,2021,910967836,TRANSITIONAL RESOURCES,2970 SW AVALON WAY,,SEATTLE,WA,98126,ESTABLISHED TO PROVIDE A FULL SPECTRUM OF SOCIAL SUPPORT SERVICES FOR LOW INCOME ADULTS WITH SERIOUS AND PERSISTENT MENTAL ILLNESSES.,1976.0,WWW.TRANSITIONALRESOURCES.ORG,0,0.0,2727669,508850,4333,0,3240852,0,1696948,3029288,9030136.0,9118257,4703430.0,4579987,4326706.0,4538270,2022,202242599349300729,202242599349300729_public.xml,2022_TEOS_XML_01A.zip,data/raw/form990_xml/2022/202242599349300729_public.xml,211564,88121.0,211564.0,2021,365,False,False,True,False,False,False,0,0.06528036454611318,0.8416518248904917,0.15701118101042566,0.5022875534216682,0
2022v5.0,2023-11-08T12:27:58-06:00,2022-01-01,2022-12-31,2022,910967836,TRANSITIONAL RESOURCES,2970 SW AVALON WAY,,SEATTLE,WA,98126,ESTABLISHED TO PROVIDE A FULL SPECTRUM OF SOCIAL SUPPORT SERVICES FOR LOW INCOME ADULTS WITH SERIOUS AND PERSISTENT MENTAL ILLNESSES.,1976.0,WWW.TRANSITIONALRESOURCES.ORG,46,0.0,3448858,1053300,-2055,0,4500103,0,2175814,3455981,9118257.0,10035815,4579987.0,4453423,4538270.0,5582392,2023,202323129349303012,202323129349303012_public.xml,2023_TEOS_XML_11A.zip,data/raw/form990_xml/2023/202323129349303012_public.xml,1044122,917558.0,1044122.0,2022,365,False,False,True,False,False,False,0,0.2320218003899022,0.7663953469509476,0.23406130926336574,0.44375299863538736,0
2023v5.1,2024-11-12T12:04:35-06:00,2023-01-01,2023-12-31,2023,910967836,TRANSITIONAL RESOURCES,2970 SW AVALON WAY,,SEATTLE,WA,98126,TO PROVIDE A FULL SPECTRUM OF SOCIAL SUPPORT SERVICES FOR LOW INCOME ADULTS WITH SERIOUS AND PERSISTENT MENTAL ILLNESSES.,1976.0,WWW.TRANSITIONALRESOURCES.ORG,65,12.0,4003827,1425609,12400,-32126,5409710,0,3171565,5048841,10035815.0,10489378,4453423.0,5655386,5582392.0,4833992,2024,202433179349303293,202433179349303293_public.xml,2024_TEOS_XML_11A.zip,data/raw/form990_xml/2024/202433179349303293_public.xml,360869,453563.0,-748400.0,2023,365,False,False,True,False,False,False,0,0.06670764236899945,0.7401186015516543,0.2635278046327807,0.5391536085361782,0
2020v4.2,2022-05-09T11:55:56-05:00,2020-07-01,2021-06-30,2020,911019655,BLOODWORKS,921 TERRY AVENUE,,SEATTLE,WA,981041256,"SAVING LIVES THROUGH RESEARCH, INNOVATION, EDUCATION & EXCELLENCE IN BLOOD, MEDICAL & LAB SERVICES.",1944.0,WWW.BLOODWORKSNW.ORG,995,510.0,1055564,180405501,3531332,768629,185761026,639793,75240750,173456707,124042323.0,105722670,54214732.0,25451520,69827591.0,80271150,2022,202211299349302221,202211299349302221_public.xml,2022_TEOS_XML_01A.zip,data/raw/form990_xml/2022/202211299349302221_public.xml,12304319,-18319653.0,10443559.0,2021,365,False,False,True,False,False,False,0,0.06623735486904557,0.005682376022191005,0.9711698136292594,0.24073852845373656,0
2021v4.2,2023-05-10T09:16:21-05:00,2021-07-01,2022-06-30,2021,911019655,BLOODWORKS,921 TERRY AVENUE,,SEATTLE,WA,981041256,"SAVING LIVES THROUGH RESEARCH, INNOVATION, EDUCATION & EXCELLENCE IN BLOOD, MEDICAL & LAB SERVICES.",1944.0,WWW.BLOODWORKSNW.ORG,973,395.0,875217,132170114,649566,618441,134313338,897816,76002114,136370220,105722670.0,100462161,25451520.0,25552071,80271150.0,74910090,2023,202301309349301105,202301309349301105_public.xml,2023_TEOS_XML_05A.zip,data/raw/form990_xml/2023/202301309349301105_public.xml,-2056882,-5260509.0,-5361060.0,2022,365,False,False,True,False,False,False,0,-0.015314056151296008,0.006516232959678211,0.9840431037459586,0.25434522556209,0
2022v5.0,2024-05-03T11:23:36-05:00,2022-07-01,2023-06-30,2022,911019655,BLOODWORKS,921 TERRY AVENUE,,SEATTLE,WA,981041256,"SAVING LIVES THROUGH RESEARCH, INNOVATION, EDUCATION & EXCELLENCE IN BLOOD, MEDICAL & LAB SERVICES.",1944.0,WWW.BLOODWORKSNW.ORG,979,294.0,10966183,141976529,643850,660839,154247401,610064,85979058,150376492,100462161.0,112716614,25552071.0,31722072,74910090.0,80994542,2024,202401249349301645,202401249349301645_public.xml,2024_TEOS_XML_05A.zip,data/raw/form990_xml/2024/202401249349301645_public.xml,3870909,12254453.0,6084452.0,2023,365,False,False,True,False,False,False,0,0.025095456875801753,0.07109476677665383,0.9204468151784289,0.28143208773109524,0
2020v4.2,2022-02-15T22:47:56-06:00,2020-04-01,2021-03-31,2020,911020139,SEA MAR COMMUNITY HEALTH CENTERS,1040 SOUTH HENDERSON STREET,,SEATTLE,WA,98108,SERVICES INCLUDE 90+ MEDICAL AND BEHAVIORAL HEALTH CLINICS AS WELL AS EDUCATIONAL AND SOCIAL SERVICES,1977.0,WWW.SEAMARCHC.ORG,3316,140.0,53182414,348166736,109655,1663833,403122638,34904295,194708732,374331571,280565151.0,332327000,134747835.0,163669526,145817316.0,168657474,2022,202210479349300001,202210479349300001_public.xml,2022_TEOS_XML_01A.zip,data/raw/form990_xml/2022/202210479349300001_public.xml,28791067,51761849.0,22840158.0,2021,365,False,False,True,False,False,False,0,0.07142011955180745,0.1319261410469337,0.8636744830986147,0.492495421678046,0
2021v4.2,2023-02-15T15:52:30-06:00,2021-04-01,2022-03-31,2021,911020139,SEA MAR COMMUNITY HEALTH CENTERS,1040 SOUTH HENDERSON STREET,,SEATTLE,WA,98108,SERVICES INCLUDE 90+ MEDICAL AND BEHAVIORAL HEALTH CLINICS AS WELL AS EDUCATIONAL AND SOCIAL SERVICES,1977.0,WWW.SEAMAR.ORG,3480,108.0,53923019,380296225,365069,1184487,435768800,31279695,214168992,403044341,332327000.0,370940123,163669526.0,174362411,168657474.0,196577712,2023,202320469349301937,202320469349301937_public.xml,2023_TEOS_XML_02A.zip,data/raw/form990_xml/2023/202320469349301937_public.xml,32724459,38613123.0,27920238.0,2022,365,False,False,True,False,False,False,0,0.07509592013012405,0.12374226654134027,0.8727018203230704,0.47005540837651577,0
2022v5.0,2024-02-15T12:59:59-06:00,2022-04-01,2023-03-31,2022,911020139,SEA MAR COMMUNITY HEALTH CENTERS,1040 SOUTH HENDERSON STREET,,SEATTLE,WA,98108,SERVICES INCLUDE 90+ MEDICAL AND BEHAVIORAL HEALTH CLINICS AS WELL AS EDUCATIONAL AND SOCIAL SERVICES,1977.0,WWW.SEAMARCHC.ORG,3484,62.0,43129737,431190653,499774,1552044,476372208,29583342,218792460,438170326,370940123.0,418975298,174362411.0,183259048,196577712.0,235716250,2024,202410469349301796,202410469349301796_public.xml,2024_TEOS_XML_02A.zip,data/raw/form990_xml/2024/202410469349301796_public.xml,38201882,48035175.0,39138538.0,2023,365,False,False,True,False,False,False,0,0.08019334746749122,0.09053789510743246,0.905154930868679,0.43739821625474445,0
2021v4.0,2022-07-02T14:04:11-05:00,2021-01-01,2021-12-31,2021,911025994,VASHON YOUTH AND FAMILY SERVICES,20110 VASHON HWY SW,,VASHON,WA,98070,"VASHON YOUTH AND FAMILY'S MISSION IS TO FOSTER A THRIVING COMMUNITY OF EMOTIONALLY HEALTHY AND RESILIENT CHILDREN, YOUTH, ADULTS AND FAMILIES ON VASHON-MAURY ISLAND IN UNINCORPORATED KING COUNTY.",1977.0,WWW.VYFS.ORG,50,25.0,2047275,395590,303,0,2443168,0,1370721,1819898,602218.0,1015255,349760.0,136267,252458.0,878988,2022,202231839349300303,202231839349300303_public.xml,2022_TEOS_XML_01A.zip,data/raw/form990_xml/2022/202231839349300303_public.xml,623270,413037.0,626530.0,2021,365,False,False,True,False,False,False,0,0.25510730330456194,0.8379591579457492,0.1619168227481696,0.13421948180506374,0
2022v5.0,2023-05-12T16:14:28-04:00,2022-01-01,2022-12-31,2022,911025994,VASHON YOUTH AND FAMILY SERVICES,20110 VASHON HWY SW,,VASHON,WA,98070,"VASHON YOUTH AND FAMILY'S MISSION IS TO FOSTER A THRIVING COMMUNITY OF EMOTIONALLY HEALTHY AND RESILIENT CHILDREN, YOUTH, ADULTS AND FAMILIES ON VASHON-MAURY ISLAND IN UNINCORPORATED KING COUNTY.",1977.0,WWW.VYFS.ORG,57,25.0,1840593,419081,1040,0,2260714,0,1471154,2030897,1015255.0,1267419,136267.0,158614,878988.0,1108805,2023,202341329349307284,202341329349307284_public.xml,2023_TEOS_XML_05A.zip,data/raw/form990_xml/2023/202341329349307284_public.xml,229817,252164.0,229817.0,2022,365,False,False,True,False,False,False,0,0.10165682169438504,0.8141644630855561,0.18537550526072735,0.12514724806871289,0
2023v5.0,2024-08-29T17:57:03-04:00,2023-01-01,2023-12-31,2023,911025994,VASHON YOUTH AND FAMILY SERVICES,20110 VASHON HWY SW,,VASHON,WA,98070,"VASHON YOUTH AND FAMILY'S MISSION IS TO FOSTER A THRIVING COMMUNITY OF EMOTIONALLY HEALTHY AND RESILIENT CHILDREN, YOUTH, ADULTS AND FAMILIES ON VASHON-MAURY ISLAND IN UNINCORPORATED KING COUNTY.",1977.0,WWW.VYFS.ORG,56,25.0,1895959,461309,2870,0,2360138,0,1691973,2254037,1267419.0,1354121,158614.0,154193,1108805.0,1199928,2024,202442429349301569,202442429349301569_public.xml,2024_TEOS_XML_09A.zip,data/raw/form990_xml/2024/202442429349301569_public.xml,106101,86702.0,91123.0,2023,365,False,False,True,False,False,False,0,0.04495542209819934,0.8033254835098625,0.19545848590209555,0.11386944002788525,0
2021v4.2,2022-08-30T19:30:09-05:00,2021-01-01,2021-12-31,2021,911025997,SECRET HARBOR,PO BOX 828,,BURLINGTON,WA,98233,"SECRET HARBOR'S MISSION IS TO SAVE CHILDREN AND YOUTH IN CRISIS BY BUILDING HEALTHY RELATIONSHIPS, PROMOTING SUPPORT AND DEVELOPING SUCCESSFUL CONNECTIONS TO FAMILIES AND COMMUNITIES.",1947.0,WWW.SECRETHARBOR.ORG,65,7.0,149866,2247896,115465,3746,2516973,0,1691464,2497854,2660493.0,2668851,173412.0,144793,2487081.0,2524058,2022,202212429349302016,202212429349302016_public.xml,2022_TEOS_XML_01A.zip,data/raw/form990_xml/2022/202212429349302016_public.xml,19119,8358.0,36977.0,2021,365,False,False,True,False,False,False,0,0.007596029039644048,0.05954215639182463,0.8930949994298707,0.05425293506456524,0
2022v5.0,2023-10-23T16:55:25-05:00,2022-01-01,2022-12-31,2022,911025997,SECRET HARBOR,PO BOX 828,,BURLINGTON,WA,98233,"SECRET HARBOR'S MISSION IS TO SAVE CHILDREN AND YOUTH IN CRISIS BY BUILDING HEALTHY RELATIONSHIPS, PROMOTING SUPPORT AND DEVELOPING SUCCESSFUL CONNECTIONS TO FAMILIES AND COMMUNITIES.",1947.0,WWW.SECRETHARBOR.ORG,51,8.0,95357,2332079,21486,5741,2454663,0,1659680,2562791,2668851.0,2459243,144793.0,158456,2524058.0,2300787,2023,202322969349301392,202322969349301392_public.xml,2023_TEOS_XML_10A.zip,data/raw/form990_xml/2023/202322969349301392_public.xml,-108128,-209608.0,-223271.0,2022,365,False,False,True,False,False,False,0,-0.04405003864074213,0.038847287794699314,0.9500607619049947,0.06443283563275366,0
2023v5.1,2024-11-15T15:26:33-06:00,2023-01-01,2023-12-31,2023,911025997,SECRET HARBOR,PO BOX 828,,BURLINGTON,WA,98233,"SECRET HARBOR'S MISSION IS TO SAVE CHILDREN AND YOUTH IN CRISIS BY BUILDING HEALTHY RELATIONSHIPS, PROMOTING SUPPORT AND DEVELOPING SUCCESSFUL CONNECTIONS TO FAMILIES AND COMMUNITIES.",1947.0,WWW.SECRETHARBOR.ORG,50,5.0,91320,1897634,6066,3066,1998086,0,1630402,2561807,2459243.0,1986115,158456.0,194383,2300787.0,1791732,2024,202403209349314145,202403209349314145_public.xml,2024_TEOS_XML_11A.zip,data/raw/form990_xml/2024/202403209349314145_public.xml,-563721,-473128.0,-509055.0,2023,365,False,False,True,False,False,False,0,-0.2821304988874353,0.04570373847772318,0.9497258876745045,0.09787096920369666,0
2021v4.2,2023-06-12T17:36:50-05:00,2021-01-01,2021-12-31,2021,911036750,SOUTHEAST YOUTH & FAMILY SERVICES,3722 S HUDSON ST,,SEATTLE,WA,98118,"THE ORGANIZATION'S PURPOSE IS TO ASSIST CHILDREN, YOUTH AND FAMILIES IN ACHIEVING SAFE, STABLE AND SUSTAINABLE LIVES THROUGH COUNSELING, EDUCATIONAL, SOCIAL, AND LIFE SKILLS PROGRAMS.",1997.0,SEYFS.ORG,22,0.0,1160488,41972,883,39417,1242760,0,1011596,1293478,1259402.0,1294258,204730.0,290304,1054672.0,1003954,2023,202341639349301589,202341639349301589_public.xml,2023_TEOS_XML_06A.zip,data/raw/form990_xml/2023/202341639349301589_public.xml,-50718,34856.0,-50718.0,2021,365,False,False,True,False,False,False,0,-0.04081077601467701,0.9337989635971548,0.033773214458141555,0.22430149166549482,0
2022v5.0,2023-11-14T18:09:24-06:00,2022-01-01,2022-12-31,2022,911036750,SOUTHEAST YOUTH & FAMILY SERVICES,3722 S HUDSON ST,,SEATTLE,WA,98118,"THE ORGANIZATION'S PURPOSE IS TO ASSIST CHILDREN, YOUTH AND FAMILIES IN ACHIEVING SAFE, STABLE AND SUSTAINABLE LIVES THROUGH COUNSELING, EDUCATIONAL, SOCIAL, AND LIFE SKILLS PROGRAMS.",1997.0,SEYFS.ORG,25,25.0,1018604,43382,445,5428,1067859,0,1138791,1441157,1294258.0,940335,290304.0,309679,1003954.0,630656,2023,202343189349317904,202343189349317904_public.xml,2023_TEOS_XML_11A.zip,data/raw/form990_xml/2023/202343189349317904_public.xml,-373298,-353923.0,-373298.0,2022,365,False,False,True,False,False,False,0,-0.3495761144495668,0.9538749966053571,0.04062521362839101,0.32932837765264505,0
2023v5.1,2024-11-14T15:36:40-06:00,2023-01-01,2023-12-31,2023,911036750,SOUTHEAST YOUTH & FAMILY SERVICES,3722 S HUDSON ST,,SEATTLE,WA,98118,"THE ORGANIZATION'S PURPOSE IS TO ASSIST CHILDREN, YOUTH AND FAMILIES IN ACHIEVING SAFE, STABLE AND SUSTAINABLE LIVES THROUGH COUNSELING, EDUCATIONAL, SOCIAL, AND LIFE SKILLS PROGRAMS.",1997.0,SEYFS.ORG,19,47.0,822381,48698,238,6250,877567,0,1137539,1392827,940335.0,494629,309679.0,379233,630656.0,115396,2024,202443199349314114,202443199349314114_public.xml,2024_TEOS_XML_11A.zip,data/raw/form990_xml/2024/202443199349314114_public.xml,-515260,-445706.0,-515260.0,2023,365,False,False,True,False,False,False,0,-0.5871460526660642,0.937114773003087,0.05549205929575748,0.7667019119380384,0
2021v4.2,2023-01-04T21:25:04-05:00,2021-01-01,2021-12-31,2021,911043712,NAMI Seattle,802 NW 70th St,,Seattle,WA,981175135,"To address the unmet mental health needs within our community through support, referral, education, and outreach.",1978.0,https://namiseattle.org,8,90.0,513203,11165,44099,858,569325,500,384148,475903,1930535.0,2086046,16495.0,8261,1914040.0,2077785,2023,202340109349300459,202340109349300459_public.xml,2023_TEOS_XML_01A.zip,data/raw/form990_xml/2023/202340109349300459_public.xml,93422,155511.0,163745.0,2021,365,False,False,True,False,False,False,0,0.1640925657576955,0.9014236156852413,0.019610942783120363,0.00396012360225997,0
2022v5.0,2023-11-01T11:31:54-07:00,2022-01-01,2022-12-31,2022,911043712,NAMI Seattle,802 NW 70TH STREET,,SEATTLE,WA,98117,"To address the unmet mental health needs within our community through support, referral, education, and outreach.",1978.0,NAMISEATTLE.ORG,10,100.0,481727,6790,12270,-174,500613,2949,455759,581046,2086048.0,1810074,8261.0,35230,2077787.0,1774844,2023,202303059349302265,202303059349302265_public.xml,2023_TEOS_XML_11A.zip,data/raw/form990_xml/2023/202303059349302265_public.xml,-80433,-275974.0,-302943.0,2022,365,False,False,True,False,False,False,0,-0.16066901978174758,0.9622742517673333,0.01356337130677789,0.01946329266096303,0
2023v5.1,2024-11-14T16:20:15-08:00,2023-01-01,2023-12-31,2023,911043712,NAMI Seattle,802 NW 70TH STREET,,SEATTLE,WA,98117,"To address the unmet mental health needs within our community through support, referral, education, and outreach.",1978.0,NAMISEATTLE.ORG,10,150.0,516162,3782,28293,0,548237,0,560333,665435,1810074.0,1814044,35230.0,35124,1774844.0,1778920,2024,202443199349317419,202443199349317419_public.xml,2024_TEOS_XML_11A.zip,data/raw/form990_xml/2024/202443199349317419_public.xml,-117198,3970.0,4076.0,2023,365,False,False,True,False,False,False,0,-0.21377251079368959,0.9414942807581392,0.006898476388861022,0.019362264641871973,0
2020v4.2,2022-05-10T18:25:42-05:00,2020-07-01,2021-06-30,2020,911050325,OVERLAKE HOSPITAL FOUNDATION,1035 116TH AVENUE NE,,BELLEVUE,WA,98004,"THE PURPOSE OF OVERLAKE HOSPITAL FOUNDATION IS TO ADVANCE AND IMPROVE MEDICAL AND HEALTH CARE EXCELLENCE BY PROVIDING FUNDRAISING AND OTHER SUPPORT TO OVERLAKE HOSPITAL MEDICAL CENTER FOR NEW FACILITIES, MODERN EQUIPMENT AND COMPREHENSIVE SERVICES AND PROGRAMS.",1978.0,WWW.OVERLAKEHOSPITAL.ORG/WAYS-TO-GIVE,13,19.0,13227580,0,533798,-90102,13671276,12957251,1408216,14823365,24564686.0,26396715,561199.0,617464,24003487.0,25779251,2022,202241309349304989,202241309349304989_public.xml,2022_TEOS_XML_01A.zip,data/raw/form990_xml/2022/202241309349304989_public.xml,-1152089,1832029.0,1775764.0,2021,365,False,False,True,False,False,False,0,-0.08427077326213003,0.9675453849370023,0.0,0.02339169855036886,0
2021v4.2,2023-05-12T14:53:49-05:00,2021-07-01,2022-06-30,2021,911050325,OVERLAKE HOSPITAL FOUNDATION,1035 116TH AVENUE NE,,BELLEVUE,WA,98004,"THE PURPOSE OF OVERLAKE HOSPITAL FOUNDATION IS TO ADVANCE AND IMPROVE MEDICAL AND HEALTH CARE EXCELLENCE BY PROVIDING FUNDRAISING AND OTHER SUPPORT TO OVERLAKE HOSPITAL MEDICAL CENTER FOR NEW FACILITIES, MODERN EQUIPMENT AND COMPREHENSIVE SERVICES AND PROGRAMS.",1978.0,WWW.OVERLAKEHOSPITAL.ORG/WAYS-TO-GIVE,13,18.0,10648760,0,1242399,-224445,11666714,9141355,1533937,11061059,26396715.0,23723897,617464.0,557219,25779251.0,23166678,2023,202301329349307585,202301329349307585_public.xml,2023_TEOS_XML_05A.zip,data/raw/form990_xml/2023/202301329349307585_public.xml,605655,-2672818.0,-2612573.0,2022,365,False,False,True,False,False,False,0,0.0519130750955239,0.9127471539972609,0.0,0.023487667308621344,0
2022v5.0,2024-05-10T13:32:31-05:00,2022-07-01,2023-06-30,2022,911050325,OVERLAKE HOSPITAL FOUNDATION,1035 116TH AVENUE NE,,BELLEVUE,WA,98004,"THE PURPOSE OF OVERLAKE HOSPITAL FOUNDATION IS TO ADVANCE AND IMPROVE MEDICAL AND HEALTH CARE EXCELLENCE BY PROVIDING FUNDRAISING AND OTHER SUPPORT TO OVERLAKE HOSPITAL MEDICAL CENTER FOR NEW FACILITIES, MODERN EQUIPMENT AND COMPREHENSIVE SERVICES AND PROGRAMS.",1978.0,WWW.OVERLAKEHOSPITAL.ORG/WAYS-TO-GIVE,14,32.0,18222629,0,1214546,-251344,19185831,18300709,1659089,20226365,23723897.0,22492373,557219.0,315694,23166678.0,22176679,2024,202401319349302530,202401319349302530_public.xml,2024_TEOS_XML_05A.zip,data/raw/form990_xml/2024/202401319349302530_public.xml,-1040534,-1231524.0,-989999.0,2023,365,False,False,True,False,False,False,0,-0.05423450253470908,0.9497961803166097,0.0,0.014035602201688546,0
2020v4.2,2022-05-05T19:20:20-05:00,2020-07-01,2021-06-30,2020,911078809,CHILDREN'S THERAPY CENTER,10811 SE KENT KANGLEY RD,,KENT,WA,98030,"TO MAXIMIZE THE POTENTIAL OF CHILDREN WITH SPECIAL NEEDS BY PROVIDING INDIVIDUALIZED, FAMILY CENTERED INTERVENTION SERVICES.",1979.0,WWW.CTCKIDS.ORG,179,60.0,916328,12040789,15861,232686,13205664,0,11430780,12992928,22560840.0,22066543,4226510.0,3361034,18334330.0,18705509,2022,202211259349303071,202211259349303071_public.xml,2022_TEOS_XML_01A.zip,data/raw/form990_xml/2022/202211259349303071_public.xml,212736,-494297.0,371179.0,2021,365,False,False,True,False,False,False,0,0.016109451217295852,0.06938901368382537,0.9117897441582642,0.15231357263346595,0
2021v4.2,2023-05-11T18:36:13-05:00,2021-07-01,2022-06-30,2021,911078809,CHILDREN'S THERAPY CENTER,10811 SE KENT KANGLEY RD,,KENT,WA,98030,"TO MAXIMIZE THE POTENTIAL OF CHILDREN WITH SPECIAL NEEDS BY PROVIDING INDIVIDUALIZED, FAMILY CENTERED INTERVENTION SERVICES.",1979.0,WWW.CTCKIDS.ORG,231,48.0,592166,13454630,8818,245072,14300686,0,12090042,14242937,22066543.0,22563473,3361034.0,3826300,18705509.0,18737173,2023,202341319349307804,202341319349307804_public.xml,2023_TEOS_XML_05A.zip,data/raw/form990_xml/2023/202341319349307804_public.xml,57749,496930.0,31664.0,2022,365,False,False,True,False,False,False,0,0.004038197887849576,0.04140822335376079,0.9408380828723881,0.16957939054860924,0
2022v5.0,2024-05-15T19:13:54-04:00,2022-07-01,2023-06-30,2022,911078809,CHILDREN'S THERAPY CENTER,10811 SE KENT KANGLEY RD,,KENT,WA,98030,"TO MAXIMIZE THE POTENTIAL OF CHILDREN WITH SPECIAL NEEDS BY PROVIDING INDIVIDUALIZED, FAMILY CENTERED INTERVENTION SERVICES.",1979.0,WWW.CTCKIDS.ORG,231,94.0,814364,15022754,33208,140988,16011314,0,15713902,17890976,22563473.0,21323504,3826300.0,4425280,18737173.0,16898224,2024,202441369349317864,202441369349317864_public.xml,2024_TEOS_XML_05A.zip,data/raw/form990_xml/2024/202441369349317864_public.xml,-1879662,-1239969.0,-1838949.0,2023,365,False,False,True,False,False,False,0,-0.11739586145147113,0.050861784360733915,0.9382586588458636,0.207530619733042,0
2020v4.2,2022-08-15T20:03:22-05:00,2020-10-01,2021-09-30,2020,911088938,THE JOHN L LOCKE JR CHARITABLE TRUST,5204 NW SAMMAMISH ROAD,,ISSAQUAH,WA,98027,"TO MAKE CONTRIBUTIONS TO THE JOHN L. LOCKE, JR. CORONARY CARE CENTER OF THE SWEDISH HOSPITAL MEDICAL CENTER IN SEATTLE, WA AND/OR THE JOHN L. LOCKE, JR HEALTH SCIENCES COMPUTER CENTER OF THE UNIV. OF WASHINGTON SCH. OF MEDICINE; AND, IF CONTRIBUTIONS TO EITHER ARE NOT POSSIBLE, THEN TO ANY OTHER CHARITABLE ORGANIZATION TO THE EXTENT THAT IT IS INVOLVED IN THE CARE, TREATMENT AND DIAGNOSIS OF HEART DISEASE AND RESEARCH INTO THE SAME.",1979.0,,0,0.0,2000,0,1878836,0,1880836,1000000,0,1092026,22928340.0,23717150,0.0,0,22928340.0,23717150,2022,202212279349304776,202212279349304776_public.xml,2022_TEOS_XML_01A.zip,data/raw/form990_xml/2022/202212279349304776_public.xml,788810,788810.0,788810.0,2021,365,False,False,True,False,False,False,0,0.41939329106843976,0.0010633569327681946,0.0,0.0,0
2021v4.2,2023-08-15T15:52:14-05:00,2021-10-01,2022-09-30,2021,911088938,THE JOHN L LOCKE JR CHARITABLE TRUST,5204 NW SAMMAMISH ROAD,,ISSAQUAH,WA,98027,"TO MAKE CONTRIBUTIONS TO THE JOHN L. LOCKE, JR. CORONARY CARE CENTER OF THE SWEDISH HOSPITAL MEDICAL CENTER IN SEATTLE, WA AND/OR THE JOHN L. LOCKE, JR HEALTH SCIENCES COMPUTER CENTER OF THE UNIV. OF WASHINGTON SCH. OF MEDICINE; AND, IF CONTRIBUTIONS TO EITHER ARE NOT POSSIBLE, THEN TO ANY OTHER CHARITABLE ORGANIZATION TO THE EXTENT THAT IT IS INVOLVED IN THE CARE, TREATMENT AND DIAGNOSIS OF HEART DISEASE AND RESEARCH INTO THE SAME.",1979.0,,0,0.0,0,0,1030410,0,1030410,1100000,0,1193755,23717150.0,23553805,0.0,0,23717150.0,23553805,2023,202332279349303793,202332279349303793_public.xml,2023_TEOS_XML_08A.zip,data/raw/form990_xml/2023/202332279349303793_public.xml,-163345,-163345.0,-163345.0,2022,365,False,False,True,False,False,False,0,-0.1585242767442086,0.0,0.0,0.0,0
2022v5.0,2024-08-07T15:28:08-05:00,2022-10-01,2023-09-30,2022,911088938,THE JOHN L LOCKE JR CHARITABLE TRUST,1567 HIGHLANDS DR NE 110-25,,ISSAQUAH,WA,98029,"TO MAKE CONTRIBUTIONS TO THE JOHN L. LOCKE, JR. CORONARY CARE CENTER OF THE SWEDISH HOSPITAL MEDICAL CENTER IN SEATTLE, WA AND/OR THE JOHN L. LOCKE, JR HEALTH SCIENCES COMPUTER CENTER OF THE UNIV. OF WASHINGTON SCH. OF MEDICINE; AND, IF CONTRIBUTIONS TO EITHER ARE NOT POSSIBLE, THEN TO ANY OTHER CHARITABLE ORGANIZATION TO THE EXTENT THAT IT IS INVOLVED IN THE CARE, TREATMENT AND DIAGNOSIS OF HEART DISEASE AND RESEARCH INTO THE SAME.",1979.0,,0,0.0,0,0,720996,0,720996,1000000,0,1090359,23553805.0,23184442,0.0,0,23553805.0,23184442,2024,202432209349301448,202432209349301448_public.xml,2024_TEOS_XML_08A.zip,data/raw/form990_xml/2024/202432209349301448_public.xml,-369363,-369363.0,-369363.0,2023,365,False,False,True,False,False,False,0,-0.512295491237122,0.0,0.0,0.0,0
2020v4.2,2022-08-22T13:32:28-05:00,2020-10-01,2021-09-30,2020,911192604,RAINIER FOOTHILLS WELLNESS FOUNDATION,PO BOX 905,,ENUMCLAW,WA,98022,"MOBILIZE THE COMMUNITY TO ADDRESS HUNGER, ACCESS TO HEALTHCARE, MENTAL HEALTH ANDSTUDENT SUPPORTS.",2019.0,RFWELLNESSFOUNDATION.ORG,9,150.0,181809,0,48,288491,470348,0,160275,363307,388184.0,549524,3140.0,57439,385044.0,492085,2022,202242349349301034,202242349349301034_public.xml,2022_TEOS_XML_01A.zip,data/raw/form990_xml/2022/202242349349301034_public.xml,107041,161340.0,107041.0,2021,365,False,False,True,False,False,False,0,0.22757830372405113,0.38654145441247756,0.0,0.10452500709705127,0
2021v4.2,2023-02-15T23:26:01-05:00,2021-10-01,2022-09-30,2021,911192604,Rainier Foothills Wellness Foundation,PO Box 905,,Enumclaw,WA,98022,"To mobilize the community to address hunger, access to healthcare, mental health and student supports.",2014.0,www.rfwellnessfoundation.org,8,500.0,658957,0,115,0,659072,0,193391,549626,549524.0,676781,57439.0,6365,492085.0,670416,2023,202301039349300630,202301039349300630_public.xml,2023_TEOS_XML_04A.zip,data/raw/form990_xml/2023/202301039349300630_public.xml,109446,127257.0,178331.0,2022,365,False,False,True,False,False,False,0,0.1660607642260633,0.9998255122353855,0.0,0.00940481485148076,0
2022v5.0,2024-08-14T15:38:52-04:00,2022-10-01,2023-09-30,2022,911192604,RAINIER FOOTHILLS WELLNESS,PO BOX 905,,ENUMCLAW,WA,98022,"TO MOBILIZE THE COMMUNITY TO ADDRESS HUNGER, ACCESS TO HEALTHCARE, MENTAL HEALTH AND STUDENT SUPPORTS.",2014.0,WWW.RFWELLNESSFOUNDATION.ORG,7,626.0,591861,57946,7765,-12981,644591,0,215350,528570,676781.0,786734,6365.0,297,670416.0,786437,2024,202442279349302714,202442279349302714_public.xml,2024_TEOS_XML_08A.zip,data/raw/form990_xml/2024/202442279349302714_public.xml,116021,109953.0,116021.0,2023,365,False,False,True,False,False,False,0,0.17999165362221936,0.9181961895217278,0.08989576336002209,0.0003775100605795606,0
2020v4.2,2022-05-16T17:40:10-05:00,2020-07-01,2021-06-30,2020,911206800,BRAIN INJURY ASSOCIATION OF,PO BOX 3044,,SEATTLE,WA,981143044,"THE BRAIN INJURY ALLIANCE OF WASHINGTON IS DETERMINED THAT NO ONE WHO HAS SURVIVED A BRAIN INJURY OR BEEN AFFECTED BY ANOTHER PERSON'S INJURY SHOULD HAVE TO FACE THEIR CONDITION ALONE. OUR VISION IS A WORLD WHERE BRAIN INJURY IS PREVENTED, AND EVERY PERSON ALREADY AFFECTED BY ITS IMPACT BENEFITS FROM RESOURCES THAT MAXIMIZE HIS/HER QUALITY OF LIFE. OUR MISSION IS TO INCREASE PUBLIC AWARENESS, SUPPORT, AND HOPE FOR THOSE AFFECTED BY BRAIN INJURY THROUGH EDUCATION, ASSISTANCE, AND ADVOCACY.",1982.0,WWW.BIAWA.ORG,25,0.0,281551,928539,2403,49476,1261969,0,1035504,1395611,724725.0,712977,271665.0,393559,453060.0,319418,2022,202231369349314263,202231369349314263_public.xml,2022_TEOS_XML_01A.zip,data/raw/form990_xml/2022/202231369349314263_public.xml,-133642,-11748.0,-133642.0,2021,365,False,False,True,False,False,False,0,-0.10589959024350043,0.223104529509045,0.7357859028232865,0.5519939633396309,0
2021v4.2,2023-05-15T11:33:23-05:00,2021-07-01,2022-06-30,2021,911206800,BRAIN INJURY ASSOCIATION OF,113 CHERRY ST PMB 40683,,SEATTLE,WA,981042205,"TO INCREASE PUBLIC AWARENESS, SUPPORT, AND HOPE FOR THOSE AFFECTED BY BRAIN INJURY THROUGH EDUCATION, ASSISTANCE, AND ADVOCACY.",1982.0,WWW.BIAWA.ORG,21,75.0,516473,698142,1021,116584,1332220,0,984125,1351873,712977.0,443117,393559.0,146472,319418.0,296645,2023,202311359349306186,202311359349306186_public.xml,2023_TEOS_XML_05A.zip,data/raw/form990_xml/2023/202311359349306186_public.xml,-19653,-269860.0,-22773.0,2022,365,False,False,True,False,False,False,0,-0.014752067976760595,0.38767846151536534,0.5240440768041315,0.3305492680262775,0
2022v5.0,2024-01-15T14:16:23-06:00,2022-07-01,2023-06-30,2022,911206800,BRAIN INJURY ASSOCIATION OF,113 CHERRY ST PMB 40683,,SEATTLE,WA,981042205,"TO INCREASE PUBLIC AWARENESS, SUPPORT, AND HOPE FOR THOSE AFFECTED BY BRAIN INJURY THROUGH EDUCATION, ASSISTANCE, AND ADVOCACY.",1982.0,WWW.BIAWA.ORG,19,75.0,451337,270844,451,-99192,623440,0,359275,607132,443117.0,361584,146472.0,47838,296645.0,313746,2024,202410169349300031,202410169349300031_public.xml,2024_TEOS_XML_01A.zip,data/raw/form990_xml/2024/202410169349300031_public.xml,16308,-81533.0,17101.0,2023,365,False,False,True,False,False,False,0,0.02615809059412293,0.72394616963942,0.43443474913383806,0.1323012080180539,0
2020v4.0,2022-08-11T17:33:10-05:00,2020-10-01,2021-09-30,2020,911252785,NORTHWEST REGIONAL PRIMARY CARE,200 WEST THOMAS STREET STE 330,,SEATTLE,WA,98119,SUPPORT COMMUNITY-BASED ORGANIZATIONS THAT PROVIDE HEALTH CARE TO UNDERSERVED COMMUNITIES.,1987.0,WWW.NWRPCA.ORG,20,18.0,2131017,646865,28098,93119,2899099,24468,1467800,2293157,1673182.0,2109476,544196.0,343950,1128986.0,1765526,2022,202242239349302569,202242239349302569_public.xml,2022_TEOS_XML_01A.zip,data/raw/form990_xml/2022/202242239349302569_public.xml,605942,436294.0,636540.0,2021,365,False,False,True,False,False,False,0,0.20901045462745493,0.7350618243806093,0.22312621955993914,0.16304997070362498,0
2021v4.2,2023-02-14T16:41:27-06:00,2021-10-01,2022-09-30,2021,911252785,NORTHWEST REGIONAL PRIMARY CARE ASSOCIAT,200 WEST THOMAS STREET STE 330,,SEATTLE,WA,98119,SUPPORT COMMUNITY-BASED ORGANIZATIONS THAT PROVIDE HEALTH CARE TO UNDESERVED COMMUNITIES.,1987.0,WWW.NWRPCA.ORG,24,52.0,3163014,1031925,13908,29733,4238580,1113890,1673036,4046260,2109476.0,2762610,343950.0,934480,1765526.0,1828130,2023,202330459349301748,202330459349301748_public.xml,2023_TEOS_XML_02A.zip,data/raw/form990_xml/2023/202330459349301748_public.xml,192320,653134.0,62604.0,2022,365,False,False,True,False,False,False,0,0.04537368647046888,0.7462437891935507,0.2434600738926716,0.33825983399756027,0
2022v5.0,2024-03-18T14:36:11-05:00,2022-10-01,2023-09-30,2022,911252785,NORTHWEST REGIONAL PRIMARY CARE,200 WEST THOMAS STREET STE 330,,SEATTLE,WA,98119,SUPPORT COMMUNITY-BASED ORGANIZATIONS THAT PROVIDE HEALTH CARE TO UNDERSERVED COMMUNITIES.,1987.0,WWW.NWRPCA.ORG,25,48.0,2489988,1147565,26510,239218,3903281,645675,1698960,3941615,2762610.0,2566148,934480.0,743900,1828130.0,1822248,2024,202420789349300967,202420789349300967_public.xml,2024_TEOS_XML_03A.zip,data/raw/form990_xml/2024/202420789349300967_public.xml,-38334,-196462.0,-5882.0,2023,365,False,False,True,False,False,False,0,-0.009820968564651124,0.6379217893869286,0.29400009889116363,0.2898897491493086,0
2021v4.2,2022-10-13T10:20:36-05:00,2021-01-01,2021-12-31,2021,911275815,DOWNTOWN EMERGENCY SERVICE CENTER,515 THIRD AVENUE,,SEATTLE,WA,98104,"DESC HELPS PEOPLE WITH THE COMPLEX NEEDS OF HOMELESSNESS, SUBSTANCE USE DISORDERS, AND SERIOUS MENTAL ILLNESS ACHIEVE THEIR HIGHEST POTENTIAL FOR HEALTH AND WELL-BEING THROUGH COMPREHENSIVE SERVICES, TREATMENT, AND HOUSING.",1979.0,WWW.DESC.ORG,1077,425.0,54431094,7373561,212641,1370235,63387531,7207381,44636214,64698247,79174350.0,82577717,51148773.0,55828317,28025577.0,26749400,2022,202232869349301118,202232869349301118_public.xml,2022_TEOS_XML_01A.zip,data/raw/form990_xml/2022/202232869349301118_public.xml,-1310716,3403367.0,-1276177.0,2021,365,False,False,True,False,False,False,0,-0.020677820690002898,0.8587034885457204,0.11632510185638877,0.676069998399205,0
2022v5.0,2023-09-14T18:54:05-05:00,2022-01-01,2022-12-31,2022,911275815,DOWNTOWN EMERGENCY SERVICE CENTER,515 THIRD AVENUE,,SEATTLE,WA,98104,"DESC HELPS PEOPLE WITH THE COMPLEX NEEDS OF HOMELESSNESS, SUBSTANCE USE DISORDERS, AND SERIOUS MENTAL ILLNESS ACHIEVE THEIR HIGHEST POTENTIAL FOR HEALTH AND WELL-BEING THROUGH COMPREHENSIVE SERVICES, TREATMENT, AND HOUSING.",1979.0,WWW.DESC.ORG,1135,227.0,65632921,8636178,250187,1388159,75907445,7542159,51691156,76540352,82577717.0,101884164,55828317.0,72407517,26749400.0,29476647,2023,202302579349302065,202302579349302065_public.xml,2023_TEOS_XML_09A.zip,data/raw/form990_xml/2023/202302579349302065_public.xml,-632907,19306447.0,2727247.0,2022,365,False,False,True,False,False,False,0,-0.00833787779314664,0.8646440543480287,0.11377247646788796,0.7106847046416359,0
2023v5.1,2024-09-13T11:52:51-05:00,2023-01-01,2023-12-31,2023,911275815,DOWNTOWN EMERGENCY SERVICE CENTER,515 THIRD AVENUE,,SEATTLE,WA,98104,"DESC HELPS PEOPLE WITH THE COMPLEX NEEDS OF HOMELESSNESS, SUBSTANCE USE DISORDERS, AND SERIOUS MENTAL ILLNESS ACHIEVE THEIR HIGHEST POTENTIAL FOR HEALTH AND WELL-BEING THROUGH COMPREHENSIVE SERVICES, TREATMENT, AND HOUSING.",1979.0,WWW.DESC.ORG,1277,392.0,82910653,7201321,733013,1348799,92193786,3552960,72820738,92063161,101884164.0,110724598,72407517.0,81087390,29476647.0,29637208,2024,202422579349301312,202422579349301312_public.xml,2024_TEOS_XML_09A.zip,data/raw/form990_xml/2024/202422579349301312_public.xml,130625,8840434.0,160561.0,2023,365,False,False,True,False,False,False,0,0.001416852541450028,0.899308474000623,0.07811069826332981,0.7323340203050455,0
2020v4.1,2022-05-16T14:12:13-04:00,2020-07-01,2021-06-30,2020,911307952,SEATTLE PSYCHOANALYTIC SOCIETY AND INSTITUTE,4020 EAST MADISON STREET STE 230,,Seattle,WA,98112,"Reflect and contribute to the evolving face of Twenty-First Century psychoanalysis in the analytic classroom, community and in society. We strive to provide psychoanalytic and psychotherapy training and community service that shape and we are shaped by an inclusive world view.",1985.0,WWW.SPSI.ORG,1,10.0,118864,100451,151,0,219466,0,70577,155705,84456.0,114050,36087.0,31675,48369.0,82375,2022,202231369349308343,202231369349308343_public.xml,2022_TEOS_XML_01A.zip,data/raw/form990_xml/2022/202231369349308343_public.xml,63761,29594.0,34006.0,2021,365,False,False,True,False,False,False,0,0.29052791776402725,0.5416055334311465,0.45770643288709867,0.27772906619903553,0
2021v4.2,2023-03-20T14:30:09-04:00,2021-07-01,2022-06-30,2021,911307952,SEATTLE PSYCHOANALYTIC SOCIETY AND INSTITUTE,4020 EAST MADISON STREET STE 230,,Seattle,WA,98112,"Reflect and contribute to the evolving face of Twenty-First Century psychoanalysis in the analytic classroom, community and in society. We strive to provide psychoanalytic and psychotherapy training and community service that shape and we are shaped by an inclusive world view.",1985.0,WWW.SPSI.ORG,1,10.0,104587,72850,59,0,177496,0,81637,184712,118262.0,111615,31675.0,8480,86587.0,103135,2023,202340799349301059,202340799349301059_public.xml,2023_TEOS_XML_03A.zip,data/raw/form990_xml/2023/202340799349301059_public.xml,-7216,-6647.0,16548.0,2022,365,False,False,True,False,False,False,0,-0.0406544372830937,0.5892358137648173,0.4104317843782395,0.07597545132822649,0
2022v5.0,2024-04-25T15:11:45-04:00,2022-07-01,2023-06-30,2022,911307952,SEATTLE PSYCHOANALYTIC SOCIETY AND INSTITUTE,4020 EAST MADISON STREET STE 230,,Seattle,WA,98112,"Reflect and contribute to the evolving face of Twenty-First Century psychoanalysis in the analytic classroom, community and in society. We strive to provide psychoanalytic and psychotherapy training and community service that shape and we are shaped by an inclusive world view.",1985.0,WWW.SPSI.ORG,1,10.0,85715,80998,989,0,167702,0,87279,186429,114727.0,82221,1900.0,-751,112827.0,82972,2024,202411169349300236,202411169349300236_public.xml,2024_TEOS_XML_04A.zip,data/raw/form990_xml/2024/202411169349300236_public.xml,-18727,-32506.0,-29855.0,2023,365,False,False,True,True,False,False,0,-0.11166831641840884,0.5111149539063339,0.4829876805285566,-0.009133919558263703,1
2020v4.2,2022-07-12T13:56:45-05:00,2020-09-01,2021-08-31,2020,911329433,MAKE-A-WISH FOUNDATION OF ALASKA &,811 FIRST AVE NO 620,,SEATTLE,WA,98104,SEE SCHEDULE O.,1986.0,AKWA.WISH.ORG,38,507.0,7026481,-300,180399,-21266,7185314,1613150,2599686,5673378,5845786.0,7788779,822075.0,535825,5023711.0,7252954,2022,202211939349300531,202211939349300531_public.xml,2022_TEOS_XML_01A.zip,data/raw/form990_xml/2022/202211939349300531_public.xml,1511936,1942993.0,2229243.0,2021,365,False,False,True,False,False,False,0,0.21042031009361595,0.9778947725875307,-4.175182879968781e-05,0.06879447985364587,0
2021v4.2,2023-07-11T13:32:25-05:00,2021-09-01,2022-08-31,2021,911329433,MAKE-A-WISH FOUNDATION OF ALASKA &,811 FIRST AVE 620,,SEATTLE,WA,98104,"TOGETHER, WE CREATE LIFE-CHANGING WISHES FOR CHILDREN WITH CRITICAL ILLNESSES.",1986.0,AKWA.WISH.ORG,39,368.0,7270902,6200,311220,-21495,7566827,2240064,2723378,6484094,7788779.0,7663230,535825.0,649210,7252954.0,7014020,2023,202331929349300143,202331929349300143_public.xml,2023_TEOS_XML_07A.zip,data/raw/form990_xml/2023/202331929349300143_public.xml,1082733,-125549.0,-238934.0,2022,365,False,False,True,False,False,False,0,0.14308943497717075,0.9608917978434025,0.0008193658980177557,0.08471754077588693,0
2022v5.0,2024-07-15T12:08:10-05:00,2022-09-01,2023-08-31,2022,911329433,MAKE-A-WISH FOUNDATION OF ALASKA &,811 FIRST AVE 620,,SEATTLE,WA,98104,"TOGETHER, WE CREATE LIFE-CHANGING WISHES FOR CHILDREN WITH CRITICAL ILLNESSES.",1986.0,AKWA.WISH.ORG,51,450.0,8064526,33500,111440,-41987,8167479,4189579,3297300,9147330,7663230.0,8200809,649210.0,2070276,7014020.0,6130533,2024,202441979349300989,202441979349300989_public.xml,2024_TEOS_XML_07A.zip,data/raw/form990_xml/2024/202441979349300989_public.xml,-979851,537579.0,-883487.0,2023,365,False,False,True,False,False,False,0,-0.11996982177731953,0.9873947640391851,0.004101632829420192,0.2524477767986061,0
2020v4.2,2022-05-16T11:58:32-05:00,2020-07-01,2021-06-30,2020,911336707,THE ASSOCIATION OF CHRMC AND UNIVERSITY,4500 SANDPOINT WAY NE NO 100,,SEATTLE,WA,98105,"TO ASSIST SEATTLE CHILDREN'S HOSPITAL (""SCH"") AND UNIVERSITY OF WASHINGTON SCHOOL OF MEDICINE (""UWSOM"") IN CARRYING OUT THEIR PEDIATRIC CARE, CHARITABLE, EDUCATIONAL, AND SCIENTIFIC MISSIONS.",1986.0,,844,12.0,239264,232185308,3288624,0,235713196,0,215179854,236724900,49629395.0,32190774,49567505.0,32128884,61890.0,61890,2022,202211369349307026,202211369349307026_public.xml,2022_TEOS_XML_01A.zip,data/raw/form990_xml/2022/202211369349307026_public.xml,-1011704,-17438621.0,0.0,2021,365,False,False,True,False,False,False,0,-0.004292097418254004,0.001015064086611426,0.9850331332319638,0.998077399443704,0
2021v4.2,2023-05-12T17:16:30-05:00,2021-07-01,2022-06-30,2021,911336707,THE ASSOCIATION OF CHRMC AND UNIVERSITY,4500 SANDPOINT WAY NE 100,,SEATTLE,WA,98105,"TO ASSIST SEATTLE CHILDREN'S HOSPITAL (""SCH"") AND UNIVERSITY OF WASHINGTON SCHOOL OF MEDICINE (""UWSOM"") IN CARRYING OUT THEIR PEDIATRIC CARE, CHARITABLE, EDUCATIONAL, AND SCIENTIFIC MISSIONS.",1986.0,,795,3.0,3530532,254450314,1192045,0,259172891,0,225420990,255947068,32190774.0,48500359,32128884.0,48438469,61890.0,61890,2023,202311329349309256,202311329349309256_public.xml,2023_TEOS_XML_05A.zip,data/raw/form990_xml/2023/202311329349309256_public.xml,3225823,16309585.0,0.0,2022,365,False,False,True,False,False,False,0,0.01244660653957053,0.01362230434818123,0.9817782755681804,0.9987239269713447,0
2022v5.0,2024-05-15T15:31:03-05:00,2022-07-01,2023-06-30,2022,911336707,THE ASSOCIATION OF CHRMC AND UNIVERSITY,4500 SANDPOINT WAY NE 100,,SEATTLE,WA,98105,"TO ASSIST SEATTLE CHILDREN'S HOSPITAL (""SCH"") AND UNIVERSITY OF WASHINGTON SCHOOL OF MEDICINE (""UWSOM"") IN CARRYING OUT THEIR PEDIATRIC CARE, CHARITABLE, EDUCATIONAL, AND SCIENTIFIC MISSIONS.",1986.0,,839,3.0,12143822,265796726,142346,0,278082894,0,249368764,278913735,48500359.0,50347356,48438469.0,50285466,61890.0,61890,2024,202401369349311345,202401369349311345_public.xml,2024_TEOS_XML_05A.zip,data/raw/form990_xml/2024/202401369349311345_public.xml,-830841,1846997.0,0.0,2023,365,False,False,True,False,False,False,0,-0.002987745805033229,0.04366979149749499,0.9558183251645821,0.9987707398179956,0
2021v4.0,2022-08-29T10:43:52-05:00,2021-01-01,2021-12-31,2021,911367767,FELLOWSHIP SERVICES ASSOCIATION,PO BOX 55064,,SHORELINE,WA,98155,NARCOTICS ANONYMOUS WASHINGTON-NO.IDAHO SUPPORT MEETINGS AND EDUCATION FOR ATTENDEES AND REGIONAL GROUPS.,,WWW.WNIR-NA.ORG,0,50.0,0,74323,0,0,74323,0,0,62134,94478.0,156642,,0,94478.0,156642,2022,202232419349300573,202232419349300573_public.xml,2022_TEOS_XML_01A.zip,data/raw/form990_xml/2022/202232419349300573_public.xml,12189,62164.0,62164.0,2021,365,False,False,True,False,False,False,0,0.16400037673398543,0.0,1.0,0.0,0
2022v5.0,2023-10-16T14:15:26-04:00,2022-01-01,2022-12-31,2022,911367767,FELLOWSHIP SERVICES ASSOCIATION,PO BOX 55064,,SHORELINE,WA,98155,NARCOTICS ANONYMOUS WASHINGTON-NO.IDAHO SUPPORT MEETINGS AND EDUCATION FOR ATTENDEES AND REGIONAL GROUPS.,,WWW.WNIR-NA.ORG,0,65.0,145126,77000,0,0,222126,0,0,183645,156642.0,195123,,0,156642.0,195123,2023,202302899349301315,202302899349301315_public.xml,2023_TEOS_XML_10A.zip,data/raw/form990_xml/2023/202302899349301315_public.xml,38481,38481.0,38481.0,2022,365,False,False,True,False,False,False,0,0.173239512709003,0.6533499005069195,0.3466500994930805,0.0,0
2023v5.0,2024-05-14T18:48:07-04:00,2023-01-01,2023-12-31,2023,911367767,FELLOWSHIP SERVICES ASSOCIATION,PO BOX 55064,,SHORELINE,WA,98155,NARCOTICS ANONYMOUS WASHINGTON-NO.IDAHO SUPPORT MEETINGS AND EDUCATION FOR ATTENDEES AND REGIONAL GROUPS.,,WWW.WNIR-NA.ORG,0,50.0,208885,74169,0,0,283054,0,0,304660,195123.0,173517,,0,195123.0,173517,2024,202421359349311787,202421359349311787_public.xml,2024_TEOS_XML_05A.zip,data/raw/form990_xml/2024/202421359349311787_public.xml,-21606,-21606.0,-21606.0,2023,365,False,False,True,False,False,False,0,-0.07633172468857533,0.737968726815378,0.262031273184622,0.0,0
2020v4.1,2022-01-10T10:48:23-06:00,2020-07-01,2021-06-30,2020,911381840,WASHINGTON PHYSICIANS HEALTH PROGRAM,1200 6TH AVENUE SUITE 850,,SEATTLE,WA,98101,TO FACILITATE THE REHABILITATION OF HEALTHCARE PROFESSIONALS WHO HAVE PHYSICAL OR MENTAL CONDITIONS THAT COULD COMPROMISE PATIENT SAFETY AND TO MONITOR THEIR RECOVERY.,1987.0,WWW.WPHP.ORG,28,13.0,2694473,411742,135141,3555,3244911,33650,2015802,2616261,6549371.0,7489196,1069074.0,1034261,5480297.0,6454935,2022,202230109349300828,202230109349300828_public.xml,2022_TEOS_XML_01A.zip,data/raw/form990_xml/2022/202230109349300828_public.xml,628650,939825.0,974638.0,2021,365,False,False,True,False,False,False,0,0.1937341270685082,0.8303688452472194,0.12688853407689765,0.13810040490327666,0
2021v4.2,2023-03-06T12:48:56-06:00,2021-07-01,2022-06-30,2021,911381840,WASHINGTON PHYSICIANS HEALTH PROGRAM,1200 6TH AVENUE 850,,SEATTLE,WA,98101,TO FACILITATE THE REHABILITATION OF HEALTHCARE PROFESSIONALS WHO HAVE PHYSICAL OR MENTAL CONDITIONS THAT COULD COMPROMISE PATIENT SAFETY AND TO MONITOR THEIR RECOVERY.,1987.0,WWW.WPHP.ORG,29,13.0,2635165,396272,198781,3557,3233775,31478,1989417,2694701,7489196.0,7489357,1034261.0,1018917,6454935.0,6470440,2023,202300659349300215,202300659349300215_public.xml,2023_TEOS_XML_03A.zip,data/raw/form990_xml/2023/202300659349300215_public.xml,539074,161.0,15505.0,2022,365,False,False,True,False,False,False,0,0.16670114649287598,0.8148881724919019,0.12254161158398466,0.13604866212146116,0
2022v5.0,2024-03-18T15:12:36-05:00,2022-07-01,2023-06-30,2022,911381840,WASHINGTON PHYSICIANS HEALTH PROGRAM,1200 6TH AVENUE 850,,SEATTLE,WA,98101,TO FACILITATE THE REHABILITATION OF HEALTHCARE PROFESSIONALS WHO HAVE PHYSICAL OR MENTAL CONDITIONS THAT COULD COMPROMISE PATIENT SAFETY AND TO MONITOR THEIR RECOVERY.,1987.0,WWW.WPHP.ORG,30,15.0,2910654,401814,152318,5073,3469859,61263,2241819,3058404,7489357.0,9267385,1018917.0,2263585,6470440.0,7003800,2024,202400789349301250,202400789349301250_public.xml,2024_TEOS_XML_03A.zip,data/raw/form990_xml/2024/202400789349301250_public.xml,411455,1778028.0,533360.0,2023,365,False,False,True,False,False,False,0,0.11857974632398607,0.8388392727197272,0.11580124725529194,0.24425282860267486,0
2020v4.2,2022-08-23T12:29:44-05:00,2020-10-01,2021-09-30,2020,911452438,SEATTLE INSTITUTE FOR BIOMEDICAL,1660 SOUTH COLUMBIAN WAY NO S-151,,SEATTLE,WA,98108,"TO IMPROVE THE HEALTH AND WELL-BEING OF VETERANS THROUGH RESEARCH AND EDUCATION CONDUCTED AT THE VA PUGET SOUND HEALTH CARE SYSTEM. SEATTLE INSTITUTE FOR BIOMEDICAL AND CLINICAL RESEARCH (SIBCR) STRIVES TO PROVIDE OUTSTANDING SUPPORT TO VA STAFF IN THEIR RESEARCH, EDUCATION AND TRAINING ENDEAVORS AND TO FOSTER PROGRESS IN BIOMEDICAL, CLINICAL, REHABILITATIVE AND HEALTH CARE SERVICES. SIBCR PROGRAMS BENEFIT THE NATION'S VETERANS AND THE GENERAL PUBLIC.",1989.0,WWW.SIBCR.ORG,151,14.0,17716809,0,33760,0,17750569,0,9272292,16795861,13854060.0,15332692,3707141.0,4256354,10146919.0,11076338,2022,202242359349300634,202242359349300634_public.xml,2022_TEOS_XML_01A.zip,data/raw/form990_xml/2022/202242359349300634_public.xml,954708,1478632.0,929419.0,2021,365,False,False,True,False,False,False,0,0.053784642058516546,0.9980980891373116,0.0,0.2775999152660211,0
2021v4.2,2023-05-31T17:00:53-05:00,2021-10-01,2022-09-30,2021,911452438,SEATTLE INSTITUTE FOR BIOMEDICAL,1660 SOUTH COLUMBIAN WAY S-151F,,SEATTLE,WA,98108,"TO IMPROVE THE HEALTH AND WELL-BEING OF VETERANS THROUGH RESEARCH AND EDUCATION CONDUCTED AT THE VA PUGET SOUND HEALTH CARE SYSTEM AND THE MANN-GRANDSTAFF VA MEDICAL CENTER. SEATTLE INSTITUTE FOR BIOMEDICAL AND CLINICAL RESEARCH (SIBCR) STRIVES TO PROVIDE OUTSTANDING SUPPORT TO VA STAFF IN THEIR RESEARCH, EDUCATION AND TRAINING ENDEAVORS AND TO FOSTER PROGRESS IN BIOMEDICAL, CLINICAL, REHABILITATIVE AND HEALTH CARE SERVICES. SIBCR PROGRAMS BENEFIT THE NATION'S VETERANS AND THE GENERAL PUBLIC.",1989.0,WWW.SIBCR.ORG,153,14.0,19498631,0,41794,0,19540425,0,9147024,18558179,15332692.0,16684792,4256354.0,4801898,11076338.0,11882894,2023,202331519349300743,202331519349300743_public.xml,2023_TEOS_XML_06A.zip,data/raw/form990_xml/2023/202331519349300743_public.xml,982246,1352100.0,806556.0,2022,365,False,False,True,False,False,False,0,0.05026738159482202,0.9978611519452621,0.0,0.2878008907752641,0
2022v5.0,2024-05-09T11:25:14-05:00,2022-10-01,2023-09-30,2022,911452438,SEATTLE INSTITUTE FOR BIOMEDICAL,1660 SOUTH COLUMBIAN WAY S-151F,,SEATTLE,WA,98108,"TO IMPROVE THE HEALTH AND WELL-BEING OF VETERANS THROUGH RESEARCH AND EDUCATION CONDUCTED AT THE VA PUGET SOUND HEALTH CARE SYSTEM AND THE MANN-GRANDSTAFF VA MEDICAL CENTER. SEATTLE INSTITUTE FOR BIOMEDICAL AND CLINICAL RESEARCH (SIBCR) STRIVES TO PROVIDE OUTSTANDING SUPPORT TO VA STAFF IN THEIR RESEARCH, EDUCATION AND TRAINING ENDEAVORS AND TO FOSTER PROGRESS IN BIOMEDICAL, CLINICAL, REHABILITATIVE AND HEALTH CARE SERVICES. SIBCR PROGRAMS BENEFIT THE NATION'S VETERANS AND THE GENERAL PUBLIC.",1989.0,WWW.SIBCR.ORG,138,13.0,20590478,0,279136,0,20869614,0,10093083,19738190,16684792.0,18919904,4801898.0,5812868,11882894.0,13107036,2024,202421309349302572,202421309349302572_public.xml,2024_TEOS_XML_05A.zip,data/raw/form990_xml/2024/202421309349302572_public.xml,1131424,2235112.0,1224142.0,2023,365,False,False,True,False,False,False,0,0.05421393994158205,0.9866247645979461,0.0,0.3072355969670882,0
2020v4.2,2022-05-13T11:19:50-05:00,2020-07-01,2021-06-30,2020,911485176,PEDIATRIC INTERIM CARE CENTER,328 4TH AVENUE SOUTH,,KENT,WA,98032,"TO PROVIDE HEALTH CARE SERVICES CONSISTING OF, BUT NOT LIMITED TO, DIAGNOSIS AND REFERRAL, EDUCATION AND TRAINING, CONSULTATION AND TREATMENT.",1990.0,WWW.PICC.NET,55,7.0,1490197,0,6672,-3490,1493379,0,1207239,1570763,3505820.0,3309129,57034.0,535,3448786.0,3308594,2022,202221339349303842,202221339349303842_public.xml,2022_TEOS_XML_01A.zip,data/raw/form990_xml/2022/202221339349303842_public.xml,-77384,-196691.0,-140192.0,2021,365,False,False,True,False,False,False,0,-0.05181805824241535,0.997869261587313,0.0,0.000161673963148611,0
2021v4.2,2023-06-28T16:11:07-05:00,2021-07-01,2022-06-30,2021,911485176,PEDIATRIC INTERIM CARE CENTER,328 4TH AVENUE SOUTH,,KENT,WA,98032,"TO PROVIDE HEALTH CARE SERVICES CONSISTING OF, BUT NOT LIMITED TO, DIAGNOSIS AND REFERRAL, EDUCATION AND TRAINING, CONSULTATION AND TREATMENT.",1990.0,WWW.PICC.NET,53,7.0,2020529,0,5078,-1412,2024195,0,1223877,1458000,3309129.0,3803887,535.0,24280,3308594.0,3779607,2023,202301799349301030,202301799349301030_public.xml,2023_TEOS_XML_07A.zip,data/raw/form990_xml/2023/202301799349301030_public.xml,566195,494758.0,471013.0,2022,365,False,False,True,False,False,False,0,0.2797136639503605,0.9981889096653237,0.0,0.006382944603769775,0
2022v5.0,2024-05-15T13:21:50-05:00,2022-07-01,2023-06-30,2022,911485176,PEDIATRIC INTERIM CARE CENTER,328 4TH AVENUE SOUTH,,KENT,WA,98032,"TO PROVIDE HEALTH CARE SERVICES CONSISTING OF, BUT NOT LIMITED TO, DIAGNOSIS AND REFERRAL, EDUCATION AND TRAINING, CONSULTATION AND TREATMENT.",1990.0,WWW.PICC.NET,45,7.0,1591338,0,25553,-35430,1581461,500,1280748,1727032,3803887.0,3703331,24280.0,20863,3779607.0,3682468,2024,202441369349309734,202441369349309734_public.xml,2024_TEOS_XML_05A.zip,data/raw/form990_xml/2024/202441369349309734_public.xml,-145571,-100556.0,-97139.0,2023,365,False,False,True,False,False,False,0,-0.09204842863655822,1.0062454907202896,0.0,0.005633576906844136,0
2020v4.2,2022-05-16T16:19:06-05:00,2020-09-01,2021-08-31,2020,911684691,ACRES OF DIAMONDS,PO BOX 1672,,DUVALL,WA,98019,"ACRES OF DIAMONDS PROVIDES TRANSITIONAL HOUSING AND SUPPORTIVE SERVICES TO HOMELESS WOMEN AND THEIR CHILDREN, SO THAT THEY CAN BREAK THE CYCLES OF ADDICTION, ABUSE AND HOMELESSNESS TO BECOME THRIVING, STABLE FAMILIES.",1995.0,WWW.ACRESOFDIAMONDS.ORG,27,229.0,1905951,55934,2367,-50801,1913451,0,973865,1533665,4145905.0,4384044,463500.0,321853,3682405.0,4062191,2022,202231369349313898,202231369349313898_public.xml,2022_TEOS_XML_01A.zip,data/raw/form990_xml/2022/202231369349313898_public.xml,379786,238139.0,379786.0,2021,365,False,False,True,False,False,False,0,0.1984822187764411,0.9960803804225977,0.029232000192322666,0.0734146372618523,0
2021v4.2,2023-06-28T15:43:05-05:00,2021-09-01,2022-08-31,2021,911684691,ACRES OF DIAMONDS,PO BOX 1672,,DUVALL,WA,98019,"ACRES OF DIAMONDS PROVIDES TRANSITIONAL HOUSING AND SUPPORTIVE SERVICES TO HOMELESS WOMEN AND THEIR CHILDREN, SO THAT THEY CAN BREAK THE CYCLES OF ADDICTION, ABUSE AND HOMELESSNESS TO BECOME THRIVING, STABLE FAMILIES.",1995.0,WWW.ACRESOFDIAMONDS.ORG,26,308.0,2376945,56744,2921,0,2436610,0,1235280,2088169,4384044.0,5238402,321853.0,827770,4062191.0,4410632,2023,202311799349301026,202311799349301026_public.xml,2023_TEOS_XML_07A.zip,data/raw/form990_xml/2023/202311799349301026_public.xml,348441,854358.0,348441.0,2022,365,False,False,True,False,False,False,0,0.1430023680441269,0.9755131104280127,0.023288092883145026,0.15801956398153483,0
2022v5.0,2024-07-29T14:01:39-05:00,2022-09-01,2023-08-31,2022,911684691,ACRES OF DIAMONDS,PO BOX 1672,,DUVALL,WA,98019,"ACRES OF DIAMONDS PROVIDES TRANSITIONAL HOUSING AND SUPPORTIVE SERVICES TO HOMELESS WOMEN AND THEIR CHILDREN, SO THAT THEY CAN BREAK THE CYCLES OF ADDICTION, ABUSE AND HOMELESSNESS TO BECOME THRIVING, STABLE FAMILIES.",1995.0,WWW.ACRESOFDIAMONDS.ORG,38,342.0,2280946,63030,-43,-128005,2215928,0,1736940,2595279,5238402.0,5293759,827770.0,1262478,4410632.0,4031281,2024,202432119349301303,202432119349301303_public.xml,2024_TEOS_XML_08A.zip,data/raw/form990_xml/2024/202432119349301303_public.xml,-379351,55357.0,-379351.0,2023,365,False,False,True,False,False,False,0,-0.17119283659035853,1.0293412060319649,0.028444064969619952,0.23848422264783872,0
2021v4.0,2022-05-11T11:26:23-07:00,2021-01-01,2021-12-31,2021,911743945,Team Survivor Northwest,200 NE Pacific St Suite 101,,Seattle,WA,98105,The mission of Team Survivor Northwest is to provide a broad range of fitness and health education programs to enable women who have had a cancer diagnosis to take an active role in their ongoing physical and emotional healing. Programs are offered at no cost.,1996.0,teamsurvivornw.org,4,50.0,307934,2920,187,-25553,285488,0,122622,195347,594967.0,669523,16090.0,505,578877.0,669018,2022,202211319349305711,202211319349305711_public.xml,2022_TEOS_XML_01A.zip,data/raw/form990_xml/2022/202211319349305711_public.xml,90141,74556.0,90141.0,2021,365,False,False,True,False,False,False,0,0.315743568906574,1.0786232696295466,0.01022810065571933,0.0007542683373088005,0
2022v5.0,2023-05-12T23:17:44-07:00,2022-01-01,2022-12-31,2022,911743945,Team Survivor Northwest,200 NE Pacific St Suite 101,,Seattle,WA,98105,The mission of Team Survivor Northwest is to provide a broad range of fitness and health education programs to enable women who have had a cancer diagnosis to take an active role in their ongoing physical and emotional healing. Programs are offered at no cost.,1996.0,teamsurvivornw.org,5,78.0,349914,3741,566,-16338,337883,0,173604,267152,669523.0,741973,505.0,2224,669018.0,739749,2023,202331349349300113,202331349349300113_public.xml,2023_TEOS_XML_05A.zip,data/raw/form990_xml/2023/202331349349300113_public.xml,70731,72450.0,70731.0,2022,365,False,False,True,False,False,False,0,0.2093357759934652,1.0356070000562325,0.011071879911093485,0.002997413652518353,0
2023v5.0,2024-11-11T10:32:21-07:00,2023-01-01,2023-12-31,2023,911743945,Team Survivor Northwest,200 NE Pacific St Suite 101,,Seattle,WA,98105,The mission of Team Survivor Northwest is to provide a broad range of fitness and health education programs to enable women who have had a cancer diagnosis to take an active role in their ongoing physical and emotional healing. Programs are offered at no cost.,1996.0,teamsurvivornw.org,5,143.0,395137,21653,20363,-25072,412081,0,235851,391953,741973.0,761319,2224.0,1442,739749.0,759877,2024,202423189349306647,202423189349306647_public.xml,2024_TEOS_XML_11A.zip,data/raw/form990_xml/2024/202423189349306647_public.xml,20128,19346.0,20128.0,2023,365,False,False,True,False,False,False,0,0.04884476595620764,0.9588818703119047,0.05254549469643104,0.001894081193297422,0
2021v4.0,2022-07-19T13:16:57-05:00,2021-01-01,2021-12-31,2021,911883302,EVERGREEN HOSPITAL MEDICAL CENTER,12040 NE 128TH ST,,KIRKLAND,WA,980343013,TO CREDENTIAL CARE PROVIDERS,1998.0,,0,,109,302770,34,0,302913,15000,383046,427386,439121.0,314648,,0,439121.0,314648,2022,202202009349300920,202202009349300920_public.xml,2022_TEOS_XML_01A.zip,data/raw/form990_xml/2022/202202009349300920_public.xml,-124473,-124473.0,-124473.0,2021,365,False,False,True,False,False,False,0,-0.41091996711927187,0.00035983929379062636,0.9995279172567701,0.0,0
2022v5.0,2023-08-03T15:10:27-04:00,2022-01-01,2022-12-31,2022,911883302,EVERGREEN HOSPITAL MEDICAL CENTER,12040 NE 128TH ST,,KIRKLAND,WA,980343013,TO CREDENTIAL CARE PROVIDERS,1998.0,,0,,33,362325,31,0,362389,15000,157708,192238,314648.0,484799,,0,314648.0,484799,2023,202322159349301602,202322159349301602_public.xml,2023_TEOS_XML_08A.zip,data/raw/form990_xml/2023/202322159349301602_public.xml,170151,170151.0,170151.0,2022,365,False,False,True,False,False,False,0,0.46952584101614564,9.106236668331544e-05,0.9998233941979475,0.0,0
2023v5.0,2024-07-01T11:52:11-04:00,2023-01-01,2023-12-31,2023,911883302,EVERGREEN HOSPITAL MEDICAL CENTER,12040 NE 128TH ST,,KIRKLAND,WA,980343013,TO CREDENTIAL CARE PROVIDERS,1998.0,,0,,250,385675,45,0,385970,15000,335793,391801,484799.0,478968,,0,484799.0,478968,2024,202441839349300979,202441839349300979_public.xml,2024_TEOS_XML_07A.zip,data/raw/form990_xml/2024/202441839349300979_public.xml,-5831,-5831.0,-5831.0,2023,365,False,False,True,False,False,False,0,-0.015107391766199445,0.00064771873461668,0.9992356918931523,0.0,0
2021v4.2,2022-10-10T13:32:58-05:00,2021-01-01,2021-12-31,2021,911893957,THE MAX FOUNDATION,1107 NE 45TH 230,,SEATTLE,WA,98105,"WE ARE ON A MISSION TO ACCELERATE HEALTH EQUITY BY DELIVERING MEDICATION, TECHNOLOGY, AND SERVICES TO PATIENTS FACING CANCER AND OTHER CRITICAL ILLNESSES, FOCUSING OUR ENERGY ON THOSE NO ONE ELSE IS HELPING.",1997.0,WWW.THEMAXFOUNDATION.ORG,23,635.0,1018778,3900915,-1103,-69711,4848879,532668,2670391,5067774,3335898.0,2817836,605558.0,306391,2730340.0,2511445,2022,202212839349301456,202212839349301456_public.xml,2022_TEOS_XML_01A.zip,data/raw/form990_xml/2022/202212839349301456_public.xml,-218895,-518062.0,-218895.0,2021,365,False,False,True,False,False,False,0,-0.045143423871785625,0.2101058822049385,0.8044983180648558,0.10873272965495508,0
2022v5.0,2023-08-03T23:46:14-05:00,2022-01-01,2022-12-31,2022,911893957,THE MAX FOUNDATION,1107 NE 45TH 230,,SEATTLE,WA,98105,"WE ARE ON A MISSION TO ACCELERATE HEALTH EQUITY BY DELIVERING MEDICATION, TECHNOLOGY, AND SERVICES TO PATIENTS FACING CANCER AND OTHER CRITICAL ILLNESSES, FOCUSING OUR ENERGY ON THOSE NO ONE ELSE IS HELPING.",1997.0,WWW.THEMAXFOUNDATION.ORG,22,626.0,1103879,4451139,9,-42350,5512677,563864,2810058,5804472,2817836.0,2609712,306391.0,390062,2511445.0,2219650,2023,202322169349300402,202322169349300402_public.xml,2023_TEOS_XML_08A.zip,data/raw/form990_xml/2023/202322169349300402_public.xml,-291795,-208124.0,-291795.0,2022,365,False,False,True,False,False,False,0,-0.05293163375978676,0.20024372913559058,0.8074369312767644,0.14946553489427186,0
2023v5.1,2024-08-15T12:13:30-05:00,2023-01-01,2023-12-31,2023,911893957,THE MAX FOUNDATION,1416 NW 46TH STREET SUITE 105 146,,SEATTLE,WA,98107,"WE ARE ON A MISSION TO ACCELERATE HEALTH EQUITY BY DELIVERING MEDICATION, TECHNOLOGY, AND SERVICES TO PATIENTS FACING CANCER AND OTHER CRITICAL ILLNESSES, FOCUSING OUR ENERGY ON THOSE NO ONE ELSE IS HELPING.",1997.0,WWW.THEMAXFOUNDATION.ORG,27,858.0,910276,6283459,-10833,-97123,7085779,523450,3515724,6926687,2609712.0,2637444,390062.0,258702,2219650.0,2378742,2024,202422289349302312,202422289349302312_public.xml,2024_TEOS_XML_08A.zip,data/raw/form990_xml/2024/202422289349302312_public.xml,159092,27732.0,159092.0,2023,365,False,False,True,False,False,False,0,0.022452294941741762,0.1284651976868034,0.8867703889720523,0.09808814898060395,0
2020v4.0,2022-03-01T06:05:21-05:00,2020-10-01,2021-09-30,2020,911923159,Northwest Parkinsons Foundation,3010 77TH AVE SE 101,,MERCER ISLAND,WA,98040,Northwest Parknson's Foundation provides free services and programs to those impacted by Parkinson's disease in the northwest region of the United States.,1998.0,www.nwpf.org,9,12.0,675448,116608,505,236,792797,0,553060,771332,709014.0,797454,226851.0,88336,482163.0,709118,2022,202210609349300401,202210609349300401_public.xml,2022_TEOS_XML_01A.zip,data/raw/form990_xml/2022/202210609349300401_public.xml,21465,88440.0,226955.0,2021,365,False,False,True,False,False,False,0,0.027075026772301107,0.851981024146156,0.14708431035939842,0.11077253358814428,0
2021v4.0,2023-01-31T15:45:13-05:00,2021-10-01,2022-09-30,2021,911923159,Northwest Parkinsons Foundation,3010 77TH AVE SE 101,,MERCER ISLAND,WA,98040,Northwest Parknson's Foundation provides free services and programs to those impacted by Parkinson's disease in the northwest region of the United States.,1998.0,www.nwpf.org,9,30.0,520888,125306,1037,0,647231,0,482012,645159,797454.0,790405,88336.0,81247,709118.0,709158,2023,202340319349300639,202340319349300639_public.xml,2023_TEOS_XML_02A.zip,data/raw/form990_xml/2023/202340319349300639_public.xml,2072,-7049.0,40.0,2022,365,False,False,True,False,False,False,0,0.003201329973378902,0.8047945787516358,0.19360321121825128,0.10279160683447093,0
2022v5.0,2024-02-06T08:03:56-05:00,2022-10-01,2023-09-30,2022,911923159,Northwest Parkinsons Foundation,3010 77TH AVE SE 101,,MERCER ISLAND,WA,98040,Northwest Parknson's Foundation provides free services and programs to those impacted by Parkinson's disease in the northwest region of the United States.,1998.0,www.nwpf.org,9,50.0,565753,172618,13875,0,752246,0,455304,742520,790405.0,801939,81247.0,90709,709158.0,711230,2024,202410379349300506,202410379349300506_public.xml,2024_TEOS_XML_02A.zip,data/raw/form990_xml/2024/202410379349300506_public.xml,9726,11534.0,2072.0,2023,365,False,False,True,False,False,False,0,0.012929281112827453,0.7520850891862503,0.22947014673391417,0.11311209456080824,0
2020v4.2,2022-03-22T11:13:16-05:00,2020-07-01,2021-06-30,2020,911935159,SEATTLE CANCER CARE ALLIANCE,825 EASTLAKE AVE E PO BOX 19023,,SEATTLE,WA,981091023,"SEATTLE CANCER CARE ALLIANCE, (SCCA) REPRESENTS A UNION OF PATIENTS AND DOCTORS, (SEE SCHEDULE O) PHYSICIANS AND RESEARCHERS, CARE AND CURES IN THE PURSUIT OF BETTER, LONGER, RICHER LIVES FOR OUR PATIENTS. ABOVE ALL, WE EXIST TO MOVE PATIENTS FORWARD, PAST BOUNDARIES AND TOWARD HOPE, BEYOND FEAR AND CLOSER TO DISCOVERY. SCCA IS THE INTERSECTION OF COMPASSION AND HARD SCIENCE. WHERE A REAL DIFFERENCE CAN BE MADE TODAY AND TRUE PROGRESS HAPPENS TOMORROW. THIS UNIQUELY BOLD AND INVENTIVE APPROACH TRULY SETS US APART. WE TREAT CARE DIFFERENTLY, AND, BECAUSE OF THAT, WE SEE PATIENTS DIFFERENTLY, TOO. OUR CARE COMBINES POWERFUL SCIENCE WITH DEVOTED COLLABORATION, WHERE BOUNDARY-PUSHING DISCOVER HAPPENS - CARE AND SCIENCE WORKING TOGETHER. IT IS OUR FUNDAMENTAL BELIEF THAT WORKING IN PARTNERSHIP WITH OUR PATIENTS IS ESSENTIAL TO WHO WE ARE TODAY AND IN THE FUTURE.",1998.0,WWW.SEATTLECCA.ORG,2189,198.0,6302039,917419752,11786009,5488925,940996725,2084886,202228813,841344866,1020161042.0,1535470671,382909723.0,745988971,637251319.0,789481700,2022,202220819349300902,202220819349300902_public.xml,2022_TEOS_XML_01A.zip,data/raw/form990_xml/2022/202220819349300902_public.xml,99651859,515309629.0,152230381.0,2021,365,False,False,True,False,False,False,0,0.10590032499847436,0.006697195465797184,0.9749446811305321,0.4858373299401171,0
2021v4.2,2023-05-04T18:16:47-05:00,2021-07-01,2022-06-30,2021,911935159,FRED HUTCHINSON CANCER CENTER,1100 FAIRVIEW AVENUE NORTH,,SEATTLE,WA,981091024,"FRED HUTCHINSON CANCER CENTER UNITES INNOVATIVE RESEARCH AND COMPASSIONATE CARE TO PREVENT AND ELIMINATE CANCER AND INFECTIOUS DISEASE. WE'RE DRIVEN BY THE URGENCY OF OUR PATIENTS, THE HOPE OF OUR COMMUNITY AND OUR PASSION FOR DISCOVERY TO PURSUE SCIENTIFIC BREAKTHROUGHS AND HEALTHIER LIVES FOR EVERY PERSON IN EVERY COMMUNITY.",1998.0,WWW.FREDHUTCH.ORG,2549,250.0,159178335,1046363504,74844321,3575762,1283961922,34738432,328167481,1134529429,1535470671.0,2999831201,745988971.0,2049582217,789481700.0,950248984,2023,202301249349303300,202301249349303300_public.xml,2023_TEOS_XML_05A.zip,data/raw/form990_xml/2023/202301249349303300_public.xml,149432493,1464360530.0,160767284.0,2022,365,False,False,True,False,False,False,0,0.11638389771499781,0.12397434244159773,0.8149490152870749,0.6832325153217846,0
2022v5.0,2024-04-29T14:16:21-05:00,2022-07-01,2023-06-30,2022,911935159,FRED HUTCHINSON CANCER CENTER,1100 FAIRVIEW AVENUE NORTH,,SEATTLE,WA,981091024,"FRED HUTCHINSON CANCER CENTER UNITES INNOVATIVE RESEARCH AND COMPASSIONATE CARE TO PREVENT AND ELIMINATE CANCER AND INFECTIOUS DISEASE. WE'RE DRIVEN BY THE URGENCY OF OUR PATIENTS, THE HOPE OF OUR COMMUNITY AND OUR PASSION FOR DISCOVERY TO PURSUE SCIENTIFIC BREAKTHROUGHS AND HEALTHIER LIVES FOR EVERY PERSON IN EVERY COMMUNITY.",1998.0,WWW.FREDHUTCH.ORG,6568,965.0,1047209861,1220881238,40621641,14083231,2322795971,149912745,657862084,1951660593,2999831201.0,3407176412,2049582217.0,2024301434,950248984.0,1382874978,2024,202411209349301481,202411209349301481_public.xml,2024_TEOS_XML_05A.zip,data/raw/form990_xml/2024/202411209349301481_public.xml,371135378,407345211.0,432625994.0,2023,365,False,False,True,False,False,False,0,0.1597795857378814,0.45084022620771114,0.5256084706718307,0.5941287415792311,0
2021v4.2,2022-05-04T12:22:49-00:00,2021-01-01,2021-12-31,2021,911961032,Northwest Health Law Advocates,101 Yesler Way STE 300,,Seattle,WA,98104,"NOHLA works for access to health care through outreach, education training legal policy analysis proposing solutions representing low-income individuals on issues of public significance.",1999.0,www.nohla.org,7,15.0,672660,5150,1849,0,679659,28000,398395,503042,800621.0,938441,94833.0,59147,705788.0,879294,2022,202211249349302466,202211249349302466_public.xml,2022_TEOS_XML_01A.zip,data/raw/form990_xml/2022/202211249349302466_public.xml,176617,137820.0,173506.0,2021,365,False,False,True,False,False,False,0,0.25986119509930716,0.9897021888917825,0.0075773292195056635,0.06302687116185247,0
2022v5.0,2023-04-26T09:43:53-00:00,2022-01-01,2022-12-31,2022,911961032,Northwest Health Law Advocates,101 Yesler Way STE 300,,Seattle,WA,98104,"NOHLA works for access to health care through outreach, education training legal policy analysis proposing solutions representing low-income individuals on issues of public significance.",1999.0,www.nohla.org,6,17.0,1335910,8259,6674,0,1350843,10000,488396,651140,938441.0,1650629,59147.0,71632,879294.0,1578997,2023,202311169349300046,202311169349300046_public.xml,2023_TEOS_XML_05A.zip,data/raw/form990_xml/2023/202311169349300046_public.xml,699703,712188.0,699703.0,2022,365,False,False,True,False,False,False,0,0.5179750718625332,0.9889454214886556,0.006113959949453785,0.043396789950982326,0
2023v5.0,2024-04-30T11:14:27-07:00,2023-01-01,2023-12-31,2023,911961032,Northwest Health Law Advocates,1301 5th Avenue Suite 1200,,Seattle,WA,98101,"NoHLA works toward achieving a health care system in which all individuals receive quality, affordable health care, provided on an equitable and timely basis, and are assured of basic rights and protections. NoHLA conducts outreach, education and training, legal and policy analysis to propose policy solutions, and legal representation of low-income individuals on health care access issues of public significance.",1999.0,nohla.org,6,11.0,727258,7213,26894,0,761365,1000,601318,795943,1650629.0,1626316,71632.0,81897,1578997.0,1544419,2024,202421229349300547,202421229349300547_public.xml,2024_TEOS_XML_05A.zip,data/raw/form990_xml/2024/202421229349300547_public.xml,-34578,-24313.0,-34578.0,2023,365,False,False,True,False,False,False,0,-0.04541579925528492,0.9552028265024003,0.009473774076822549,0.05035737212202303,0
2020v4.0,2022-01-06T16:57:20-06:00,2020-07-01,2021-06-30,2020,912054526,THE HEALING CENTER,PO BOX 22004,,SEATTLE,WA,98122,"THE HEALING CENTER IS GRIEF-SUPPORT COMMUNITY FOR ADULTS, CHILDREN AND FAMILIES.",2000.0,WWW.HEALINGCENTERSEATTLE.ORG,5,10.0,410859,513,0,-14380,396992,0,250645,394597,63232.0,35544,47325.0,17242,15907.0,18302,2022,202200079349301880,202200079349301880_public.xml,2022_TEOS_XML_01A.zip,data/raw/form990_xml/2022/202200079349301880_public.xml,2395,-27688.0,2395.0,2021,365,False,False,True,False,False,False,0,0.006032867161051105,1.0349301749153634,0.0012922174754151218,0.48508890389376547,0
2021v4.0,2023-03-27T21:59:48-04:00,2021-07-01,2022-06-30,2021,912054526,THE HEALING CENTER,PO BOX 22004,,SEATTLE,WA,98122,"THE HEALING CENTER IS GRIEF-SUPPORT COMMUNITY FOR ADULTS, CHILDREN AND FAMILIES.",2000.0,WWW.HEALINGCENTERSEATTLE.ORG,11,,501639,0,1128,-8000,494767,0,228033,362361,35544.0,155295,17242.0,4587,18302.0,150708,2023,202340869349301314,202340869349301314_public.xml,2023_TEOS_XML_04A.zip,data/raw/form990_xml/2023/202340869349301314_public.xml,132406,119751.0,132406.0,2022,365,False,False,True,False,False,False,0,0.2676128359409581,1.0138893661056618,0.0,0.02953733217424901,0
2022v5.0,2024-04-02T18:20:20-04:00,2022-07-01,2023-06-30,2022,912054526,THE HEALING CENTER,PO BOX 22004,,SEATTLE,WA,98122,"THE HEALING CENTER IS GRIEF-SUPPORT COMMUNITY FOR ADULTS, CHILDREN AND FAMILIES.",2000.0,WWW.HEALINGCENTERSEATTLE.ORG,6,20.0,426159,0,47,-12045,414161,0,264418,407392,155295.0,169200,4587.0,11723,150708.0,157477,2024,202410939349301881,202410939349301881_public.xml,2024_TEOS_XML_04A.zip,data/raw/form990_xml/2024/202410939349301881_public.xml,6769,13905.0,6769.0,2023,365,False,False,True,False,False,False,0,0.016343885590386346,1.028969410446662,0.0,0.06928486997635934,0
2021v4.0,2022-05-24T09:21:05-07:00,2021-01-01,2021-12-31,2021,912106510,NAMI Eastside,16625 Redmond Way Suite M PMB 444,,Redmond,WA,98052,"NAMI Eastside's mission is to provide advocacy, education, support, and public awareness so that all people impacted by mental illness and mental health conditions can build better lives.",2001.0,https://nami-eastside.org/,10,53.0,508378,0,14,-7559,500833,0,248396,332396,186801.0,399840,21890.0,27057,164911.0,372783,2022,202211449349301121,202211449349301121_public.xml,2022_TEOS_XML_01A.zip,data/raw/form990_xml/2022/202211449349301121_public.xml,168437,213039.0,207872.0,2021,365,False,False,True,False,False,False,0,0.33631370137351174,1.0150649018734788,0.0,0.06766956782713085,0
2022v5.0,2023-08-18T16:52:10-07:00,2022-01-01,2022-12-31,2022,912106510,NAMI Eastside,16625 Redmond Way Suite M PMB 444,,Redmond,WA,98052,"NAMI Eastside's mission is to provide advocacy, education, support, and public awareness so that all people impacted by mental illness and mental health conditions can lead healthy and productive lives.",2001.0,https://nami-eastside.org/,13,75.0,547697,52,18,-13129,534638,1250,406787,531004,399840.0,451909,27057.0,75492,372783.0,376417,2023,202322309349300927,202322309349300927_public.xml,2023_TEOS_XML_08A.zip,data/raw/form990_xml/2023/202322309349300927_public.xml,3634,52069.0,3634.0,2022,365,False,False,True,False,False,False,0,0.0067971225389889985,1.0244258732076656,9.726207265476827e-05,0.16705133113082501,0
2023v5.1,2024-09-24T11:42:33-07:00,2023-01-01,2023-12-31,2023,912106510,NAMI Eastside,16625 Redmond Way Suite M PMB 444,,Redmond,WA,98052,"NAMI Eastside's mission is to provide advocacy, education, support, and public awareness so that all people impacted by mental illness and mental health conditions can lead healthy and productive lives.",2001.0,https://nami-eastside.org/,14,100.0,517275,0,14,24275,541564,504,475743,716258,451909.0,262983,75492.0,61260,376417.0,201723,2024,202432689349301658,202432689349301658_public.xml,2024_TEOS_XML_09A.zip,data/raw/form990_xml/2024/202432689349301658_public.xml,-174694,-188926.0,-174694.0,2023,365,False,False,True,False,False,False,0,-0.3225731400166924,0.9551502684816569,0.0,0.23294281379404752,0
2020v4.0,2022-10-10T16:34:30-07:00,2020-07-01,2021-06-30,2020,912158547,RECOVERY CAFE,2022 BOREN AVENUE,,SEATTLE,WA,98121,Recovery Support Services,2003.0,www.recoverycafe.org,30,68.0,3363032,601016,2138,45565,4011751,0,1661614,3031611,4065012.0,4519812,1009462.0,484122,3055550.0,4035690,2022,202222839349301382,202222839349301382_public.xml,2022_TEOS_XML_01A.zip,data/raw/form990_xml/2022/202222839349301382_public.xml,980140,454800.0,980140.0,2021,365,False,False,True,False,False,False,0,0.24431725697831197,0.8382952979883348,0.14981388426151074,0.1071110922312698,0
2021v4.1,2023-04-10T12:13:05-07:00,2021-07-01,2022-06-30,2021,912158547,RECOVERY CAFE,2022 BOREN AVENUE,,SEATTLE,WA,98121,Recovery Support Services,2003.0,www.recoverycafe.org,30,68.0,2500358,1072938,2261,96326,3671883,133854,1928835,3769221,4519812.0,4730039,484122.0,791687,4035690.0,3938352,2023,202301009349300210,202301009349300210_public.xml,2023_TEOS_XML_04A.zip,data/raw/form990_xml/2023/202301009349300210_public.xml,-97338,210227.0,-97338.0,2022,365,False,False,True,False,False,False,0,-0.026509014584615034,0.6809470781067916,0.29220375485820216,0.1673743070617388,0
2022v5.0,2024-04-22T12:42:48-07:00,2022-07-01,2023-06-30,2022,912158547,RECOVERY CAFE,2022 BOREN AVENUE,,SEATTLE,WA,98121,Recovery Support Services,2003.0,www.recoverycafe.org,37,68.0,3383790,1003437,3362,-46634,4343955,100000,2214939,4279029,4730039.0,4496776,791687.0,493498,3938352.0,4003278,2024,202431139349301653,202431139349301653_public.xml,2024_TEOS_XML_04A.zip,data/raw/form990_xml/2024/202431139349301653_public.xml,64926,-233263.0,64926.0,2023,365,False,False,True,False,False,False,0,0.01494628742701064,0.7789652517118617,0.23099617744658957,0.10974484830909967,0
2020v4.2,2022-05-06T11:24:35-05:00,2020-07-01,2021-06-30,2020,916057438,NORTHWEST KIDNEY CENTERS,PO BOX 3037,,SEATTLE,WA,981143037,"TO PROMOTE THE OPTIMAL HEALTH, QUALITY OF LIFE AND INDEPENDENCE OF PEOPLE WITH KIDNEY DISEASE THROUGH PATIENT CARE, EDUCATION AND RESEARCH.",1962.0,WWW.NWKIDNEY.ORG,886,498.0,4755779,120421317,5406123,396751,130979970,3302134,65344700,124429877,219224153.0,220973324,89668164.0,73122762,129555989.0,147850562,2022,202211269349301761,202211269349301761_public.xml,2022_TEOS_XML_01A.zip,data/raw/form990_xml/2022/202211269349301761_public.xml,6550093,1749171.0,18294573.0,2021,365,False,False,True,False,False,False,0,0.05000835623950746,0.036309208194199465,0.9193872696718437,0.33091216928971934,0
2021v4.2,2023-05-12T14:53:49-05:00,2021-07-01,2022-06-30,2021,916057438,NORTHWEST KIDNEY CENTERS,12901 20TH AVENUE S,,SEATAC,WA,98168,"TO PROMOTE THE OPTIMAL HEALTH, QUALITY OF LIFE AND INDEPENDENCE OF PEOPLE WITH KIDNEY DISEASE THROUGH PATIENT CARE, EDUCATION AND RESEARCH.",1962.0,WWW.NWKIDNEY.ORG,906,520.0,5190539,123384429,35064249,-1069284,162569933,2780496,68724202,127003402,220973324.0,259504016,73122762.0,89974634,147850562.0,169529382,2023,202301329349307630,202301329349307630_public.xml,2023_TEOS_XML_05A.zip,data/raw/form990_xml/2023/202301329349307630_public.xml,35566531,38530692.0,21678820.0,2022,365,False,False,True,False,False,False,0,0.21877680788611753,0.03192803800934088,0.7589621692222756,0.346717693956613,0
2022v5.0,2024-05-15T18:02:56-05:00,2022-07-01,2023-06-30,2022,916057438,NORTHWEST KIDNEY CENTERS,12901 20TH AVENUE S,,SEATAC,WA,98168,"TO PROMOTE THE OPTIMAL HEALTH, QUALITY OF LIFE AND INDEPENDENCE OF PEOPLE WITH KIDNEY DISEASE THROUGH PATIENT CARE, EDUCATION AND RESEARCH.",1962.0,WWW.NWKIDNEY.ORG,1021,520.0,1953543,129378506,3368502,-1717256,132983295,615673,73418319,135912608,259504016.0,290233438,89974634.0,121973180,169529382.0,168260258,2024,202401369349317520,202401369349317520_public.xml,2024_TEOS_XML_05A.zip,data/raw/form990_xml/2024/202401369349317520_public.xml,-2929313,30729422.0,-1269124.0,2023,365,False,False,True,False,False,False,0,-0.022027676483726773,0.014690138336548211,0.9728929186180866,0.42025888140428536,0
2021v4.0,2022-07-06T16:52:47-05:00,2021-01-01,2021-12-31,2021,916063183,VALLEY CITIES COUNSELING,325 WEST GOWE STREET,,KENT,WA,98032,"COMPASSION, CONNECTION, COMMUNITY - STRENGTHENING COMMUNITIES THROUGH THE DELIVERY OF HOLISTIC, INTEGRATED BEHAVIORAL HEALTH SERVICES THAT PROMOTE HOPE, RECOVERY, AND IMPROVED QUALITY OF LIFE.",1965.0,WWW.VALLEYCITIES.ORG,725,8.0,2419989,50019231,2242,0,52441462,0,39554972,49985855,67117782.0,68516464,35406189.0,34349264,31711593.0,34167200,2022,202231879349301763,202231879349301763_public.xml,2022_TEOS_XML_01A.zip,data/raw/form990_xml/2022/202231879349301763_public.xml,2455607,1398682.0,2455607.0,2021,365,False,False,True,False,False,False,0,0.04682567774330929,0.046146482338726556,0.9538107652300006,0.5013286149734756,0
2022v5.0,2023-08-09T14:34:08-04:00,2022-01-01,2022-12-31,2022,916063183,VALLEY CITIES COUNSELING,325 WEST GOWE STREET,,KENT,WA,98032,"COMPASSION, CONNECTION, COMMUNITY - STRENGTHENING COMMUNITIES THROUGH THE DELIVERY OF HOLISTIC, INTEGRATED BEHAVIORAL HEALTH SERVICES THAT PROMOTE HOPE, RECOVERY, AND IMPROVED QUALITY OF LIFE.",1965.0,WWW.VALLEYCITIES.ORG,673,11.0,2025068,51336040,8564,0,53369672,32280,39381072,50192433,68516464.0,73507182,34349264.0,36162743,34167200.0,37344439,2023,202322219349301327,202322219349301327_public.xml,2023_TEOS_XML_08A.zip,data/raw/form990_xml/2023/202322219349301327_public.xml,3177239,4990718.0,3177239.0,2022,365,False,False,True,False,False,False,0,0.05953266866620428,0.03794417173858591,0.9618953625946961,0.4919620371244813,0
2023v5.1,2024-08-30T18:17:03-05:00,2023-01-01,2023-12-31,2023,916063183,VALLEY CITIES COUNSELING,325 WEST GOWE STREET,,KENT,WA,98032,"COMPASSION, CONNECTION, COMMUNITY - STRENGTHENING COMMUNITIES THROUGH THE DELIVERY OF HOLISTIC, INTEGRATED BEHAVIORAL HEALTH SERVICES THAT PROMOTE HOPE, RECOVERY, AND IMPROVED QUALITY OF LIFE.",1965.0,WWW.VALLEYCITIES.ORG,718,14.0,3232926,54583489,843101,0,58659516,26878,43694163,54570537,73507182.0,76081547,36162743.0,34657712,37344439.0,41423835,2024,202432439349301033,202432439349301033_public.xml,2024_TEOS_XML_09A.zip,data/raw/form990_xml/2024/202432439349301033_public.xml,4088979,2574365.0,4079396.0,2023,365,False,False,True,False,False,False,0,0.06970700201481377,0.05511341075504271,0.9305137976249241,0.45553374460169693,0
2021v4.2,2022-03-29T16:58:45-05:00,2021-01-01,2021-12-31,2021,916182951,Cancer Lifeline,6522 Fremont Ave N,,Seattle,WA,98103,See Schedule O,1974.0,www.cancerlifeline.org,9,45.0,1194069,294144,27531,28492,1544236,450400,619687,1392905,2610484.0,2712023,217466.0,69705,2393018.0,2642318,2022,202210889349301501,202210889349301501_public.xml,2022_TEOS_XML_01A.zip,data/raw/form990_xml/2022/202210889349301501_public.xml,151331,101539.0,249300.0,2021,365,False,False,True,False,False,False,0,0.09799732683346328,0.7732425613701532,0.19047865740728748,0.025702215652300884,0
2022v5.0,2023-03-29T17:20:11-05:00,2022-01-01,2022-12-31,2022,916182951,Cancer Lifeline,6522 Fremont Ave N,,Seattle,WA,98103,See Schedule O,1974.0,www.cancerlifeline.org,9,45.0,1153193,291457,168235,29400,1642285,451800,699170,1656862,2712023.0,2421225,69705.0,121594,2642318.0,2299631,2023,202310889349301116,202310889349301116_public.xml,2023_TEOS_XML_04A.zip,data/raw/form990_xml/2023/202310889349301116_public.xml,-14577,-290798.0,-342687.0,2022,365,False,False,True,False,False,False,0,-0.008876047701830073,0.7021881098591292,0.17747041469659652,0.05022003324763291,0
2023v5.1,2024-09-23T14:12:46-05:00,2023-01-01,2023-12-31,2023,916182951,CANCER LIFELINE,6522 FREMONT AVE N,,SEATTLE,WA,98103,"OPTIMIZING THE QUALITY OF LIFE FOR ALL PEOPLE LIVING WITH CANCER BY OFFERING EMOTIONAL SUPPORT, FINANCIAL ADVOCACY AND ASSISTANCE, EXERCISE, NUTRITION AND ARTISTIC EXPRESSION CLASSES AT NO COST.",1974.0,WWW.CANCERLIFELINE.ORG,9,43.0,1349413,297121,59704,30600,1736838,472050,735922,1682102,2421225.0,2499914,121594.0,73350,2299631.0,2426564,2024,202422679349300537,202422679349300537_public.xml,2024_TEOS_XML_09A.zip,data/raw/form990_xml/2024/202422679349300537_public.xml,54736,78689.0,126933.0,2023,365,False,False,True,False,False,False,0,0.031514741156054855,0.7769365939713433,0.17107007101410723,0.029341009330720976,0
2021v4.2,2022-07-15T16:59:20-05:00,2021-01-01,2021-12-31,2021,916183158,Medic One Foundation,11747 NE 1st St 310,,Bellevue,WA,98005,See Schedule O,1974.0,www.mediconefoundation.org,8,19.0,2157023,0,424705,0,2581728,1056977,729162,2285324,6588817.0,7018167,217627.0,261255,6371190.0,6756912,2022,202201969349302710,202201969349302710_public.xml,2022_TEOS_XML_01A.zip,data/raw/form990_xml/2022/202201969349302710_public.xml,296404,429350.0,385722.0,2021,365,False,False,True,False,False,False,0,0.11480837640526036,0.835495838446188,0.0,0.037225531965825266,0
2022v5.0,2023-08-15T11:13:59-05:00,2022-01-01,2022-12-31,2022,916183158,MEDIC ONE FOUNDATION,11747 NE 1ST ST 310,,BELLEVUE,WA,98005,"MEDIC ONE FOUNDATION SAVES LIVES BY IMPROVING PRE-HOSPITAL EMERGENCY CARE. SINCE 1974, WE HAVE INVESTED $30 MILLION IN PARAMEDIC TRAINING, RESEARCH TO IMPROVE PATIENT OUTCOMES, EQUIPMENT TO HELP FIRE DEPARTMENTS SAVE MORE LIVES, AND CPR/FIRST AID TRAINING FOR CITIZEN RESPONDERS. WE RELY SOLELY ON CONTRIBUTIONS TO ACCOMPLISH OUR LIFESAVING MISSION.",1974.0,WWW.MEDICONEFOUNDATION.ORG,7,32.0,4162925,0,266778,0,4429703,1424180,876239,2917787,7018167.0,8425776,261255.0,862900,6756912.0,7562876,2023,202332279349302353,202332279349302353_public.xml,2023_TEOS_XML_08A.zip,data/raw/form990_xml/2023/202332279349302353_public.xml,1511916,1407609.0,805964.0,2022,365,False,False,True,False,False,False,0,0.34131317607523576,0.9397751948606938,0.0,0.1024119321472586,0
2023v5.1,2024-09-18T14:57:14-05:00,2023-01-01,2023-12-31,2023,916183158,MEDIC ONE FOUNDATION,11747 NE 1ST ST 310,,BELLEVUE,WA,98005,"MEDIC ONE FOUNDATION SAVES LIVES BY IMPROVING PRE-HOSPITAL EMERGENCY CARE. SINCE 1974, WE HAVE INVESTED $35 MILLION IN PARAMEDIC TRAINING, RESEARCH TO IMPROVE PATIENT OUTCOMES, EQUIPMENT TO HELP FIRE DEPARTMENTS SAVE MORE LIVES, AND CPR/FIRST AID TRAINING FOR CITIZEN RESPONDERS. WE RELY SOLELY ON CONTRIBUTIONS TO ACCOMPLISH OUR LIFESAVING MISSION.",1974.0,WWW.MEDICONEFOUNDATION.ORG,8,35.0,4754195,0,736607,0,5490802,2084557,847772,3907671,8425776.0,9818792,862900.0,616007,7562876.0,9202785,2024,202412629349301501,202412629349301501_public.xml,2024_TEOS_XML_09A.zip,data/raw/form990_xml/2024/202412629349301501_public.xml,1583131,1393016.0,1639909.0,2023,365,False,False,True,False,False,False,0,0.28832418287893097,0.8658471021173227,0.0,0.06273755468086095,0
2020v4.0,2022-05-13T13:12:26-07:00,2020-07-01,2021-06-30,2020,943061441,Roanoke Park Counseling,2601 Broadway East,,Seattle,WA,98102,"Patient services and public education, including group and individual therapy for adults traumatized by childhood sexual abuse.",1987.0,www.roanokeparkcounseling.org,6,10.0,258290,185289,5492,-6767,442304,0,188448,365366,472649.0,554842,957.0,6212,471692.0,548630,2022,202201339349307185,202201339349307185_public.xml,2022_TEOS_XML_01A.zip,data/raw/form990_xml/2022/202201339349307185_public.xml,76938,82193.0,76938.0,2021,365,False,False,True,False,False,False,0,0.17394823469830706,0.583964874837216,0.4189177579221531,0.011195980116862098,0
2021v4.1,2023-02-14T12:30:11-08:00,2021-07-01,2022-06-30,2021,943061441,Roanoke Park Counseling,2601 Broadway East,,Seattle,WA,98102,"Patient services and public education, including group and individual therapy for adults traumatized by childhood sexual abuse.",1987.0,www.roanokeparkcounseling.org,4,14.0,267583,183256,4143,-9851,445131,0,334661,406473,554842.0,592927,6212.0,5639,548630.0,587288,2023,202330459349301928,202330459349301928_public.xml,2023_TEOS_XML_02A.zip,data/raw/form990_xml/2023/202330459349301928_public.xml,38658,38085.0,38658.0,2022,365,False,False,True,False,False,False,0,0.08684634410993618,0.6011331495672061,0.41169004180791724,0.00951044563664667,0
2022v5.0,2024-01-15T09:10:00-08:00,2022-07-01,2023-06-30,2022,943061441,Roanoke Park Counseling,2601 Broadway East,,Seattle,WA,98102,"Patient services and public education, including group and individual therapy for adults traumatized by childhood sexual abuse.",1987.0,www.roanokeparkcounseling.org,7,10.0,277321,187956,8037,-23312,450002,0,206826,406960,592927.0,644323,5639.0,13993,587288.0,630330,2024,202420169349302272,202420169349302272_public.xml,2024_TEOS_XML_01A.zip,data/raw/form990_xml/2024/202420169349302272_public.xml,43042,51396.0,43042.0,2023,365,False,False,True,False,False,False,0,0.0956484637846054,0.6162661499282226,0.4176781436526949,0.021717368462712026,0
2020v4.0,2022-02-15T15:15:21-08:00,2020-10-01,2021-09-30,2020,943079915,Northwest Association for Biomedical,2633 Eastlake Avenue East 302,,Seattle,WA,98102,TO PROMOTE PUBLIC UNDERSTANDING OF BIOMEDICAL RESEARCH AND ITS ETHICAL CONDUCT.,1988.0,www.nwabr.org,4,,67486,209759,17,33789,311051,0,175597,267786,160827.0,192849,82924.0,71681,77903.0,121168,2022,202210469349303001,202210469349303001_public.xml,2022_TEOS_XML_01A.zip,data/raw/form990_xml/2022/202210469349303001_public.xml,43265,32022.0,43265.0,2021,365,False,False,True,False,False,False,0,0.1390929461728141,0.21696120571867636,0.6743556522885314,0.3716949530461657,0
2021v4.1,2023-02-15T10:58:36-08:00,2021-10-01,2022-09-30,2021,943079915,Northwest Association for Biomedical,PO Box 18067,,Seattle,WA,98118,TO PROMOTE PUBLIC UNDERSTANDING OF BIOMEDICAL RESEARCH AND ITS ETHICAL CONDUCT.,1988.0,www.nwabr.org,5,,53905,312359,21,26891,393176,0,205075,329681,192849.0,222263,71681.0,37600,121168.0,184663,2023,202320469349301827,202320469349301827_public.xml,2023_TEOS_XML_02A.zip,data/raw/form990_xml/2023/202320469349301827_public.xml,63495,29414.0,63495.0,2022,365,False,False,True,False,False,False,0,0.16149256312694568,0.13710145074979144,0.7944508311799297,0.16916895749629943,0
2022v5.0,2024-06-17T14:11:02-07:00,2022-10-01,2023-09-30,2022,943079915,Northwest Association for Biomedical,PO Box 18067,,Seattle,WA,98118,TO PROMOTE PUBLIC UNDERSTANDING OF BIOMEDICAL RESEARCH AND ITS ETHICAL CONDUCT.,1988.0,www.nwabr.org,5,,54141,318774,289,-7445,365759,0,238885,365487,222263.0,218418,37600.0,33483,184663.0,184935,2024,202421699349301427,202421699349301427_public.xml,2024_TEOS_XML_06A.zip,data/raw/form990_xml/2024/202421699349301427_public.xml,272,-3845.0,272.0,2023,365,False,False,True,False,False,False,0,0.0007436590760582788,0.14802369866496792,0.8715410967330948,0.15329780512595115,0
2020v4.0,2022-05-16T12:04:48-05:00,2020-07-01,2021-06-30,2020,943170367,SEATTLE-KING COUNTY DENTAL,1111 HARVARD AVENUE,,SEATTLE,WA,98122,THE FOUNDATION IS DEDICATED TO PROACTIVELY ELIMINATING DENTAL INFECTION AND PAIN IN THE KING COUNTY POPULATION THAT LACKS RESOURCES AND/OR ACCESS TO DENTAL CARE.,1992.0,WWW.SKCDS.ORG/OUR-FOUNDATION,0,9.0,12216,0,17029,0,29245,69556,0,95857,780508.0,775196,,0,780508.0,775196,2022,202211369349307311,202211369349307311_public.xml,2022_TEOS_XML_01A.zip,data/raw/form990_xml/2022/202211369349307311_public.xml,-66612,-5312.0,-5312.0,2021,365,False,False,True,False,False,False,0,-2.2777226876389127,0.41771242947512394,0.0,0.0,0
2021v4.0,2023-05-16T17:50:08-04:00,2021-07-01,2022-06-30,2021,943170367,SEATTLE-KING COUNTY DENTAL,1111 HARVARD AVENUE,,SEATTLE,WA,98122,THE FOUNDATION IS DEDICATED TO PROACTIVELY ELIMINATING DENTAL INFECTION AND PAIN IN THE KING COUNTY POPULATION THAT LACKS RESOURCES AND/OR ACCESS TO DENTAL CARE.,1992.0,WWW.SKCDS.ORG/OUR-FOUNDATION,0,7.0,8476,0,23970,0,32446,106750,0,127185,775197.0,618660,,99,775197.0,618561,2023,202301369349302810,202301369349302810_public.xml,2023_TEOS_XML_05A.zip,data/raw/form990_xml/2023/202301369349302810_public.xml,-94739,-156537.0,-156636.0,2022,365,False,False,True,False,False,False,0,-2.9198976761388153,0.26123405042224,0.0,0.00016002327611288914,0
2022v5.0,2024-04-15T13:33:16-04:00,2022-07-01,2023-06-30,2022,943170367,SEATTLE-KING COUNTY DENTAL,1111 HARVARD AVENUE,,SEATTLE,WA,98122,THE FOUNDATION IS DEDICATED TO PROACTIVELY ELIMINATING DENTAL INFECTION AND PAIN IN THE KING COUNTY POPULATION THAT LACKS RESOURCES AND/OR ACCESS TO DENTAL CARE.,1992.0,WWW.SKCDS.ORG/OUR-FOUNDATION,0,8.0,5727,0,13088,0,18815,50000,0,61812,618660.0,592837,99.0,0,618561.0,592837,2024,202401069349301430,202401069349301430_public.xml,2024_TEOS_XML_04A.zip,data/raw/form990_xml/2024/202401069349301430_public.xml,-42997,-25823.0,-25724.0,2023,365,False,False,True,False,False,False,0,-2.2852511294180173,0.304384799362211,0.0,0.0,0
2020v4.2,2022-03-22T17:18:04-05:00,2020-07-01,2021-06-30,2020,943214597,WASHINGTON POISON CENTER,155 NE 100TH ST SUITE 100,,SEATTLE,WA,98125,"TO PREVENT AND REDUCE HARM FROM POISONING THROUGH EXPERTISE, COLLABORATION, AND EDUCATION.",1993.0,WWW.WAPC.ORG,29,17.0,4473649,157733,3423,0,4634805,2000,3384230,4078201,3986122.0,4393357,488388.0,339019,3497734.0,4054338,2022,202220819349301032,202220819349301032_public.xml,2022_TEOS_XML_01A.zip,data/raw/form990_xml/2022/202220819349301032_public.xml,556604,407235.0,556604.0,2021,365,False,False,True,False,False,False,0,0.1200922153143444,0.9652291736114033,0.03403228399037284,0.0771662762666453,0
2021v4.2,2023-03-20T07:53:45-05:00,2021-07-01,2022-06-30,2021,943214597,WASHINGTON POISON CENTER,155 NE 100TH ST SUITE 100,,SEATTLE,WA,98125,"TO PREVENT AND REDUCE HARM FROM POISONING THROUGH EXPERTISE, COLLABORATION, AND EDUCATION.",1993.0,WWW.WAPC.ORG,29,22.0,4329075,115151,3498,0,4447724,0,3789685,4503839,4393357.0,4346455,339019.0,348232,4054338.0,3998223,2023,202310799349300901,202310799349300901_public.xml,2023_TEOS_XML_03A.zip,data/raw/form990_xml/2023/202310799349300901_public.xml,-56115,-46902.0,-56115.0,2022,365,False,False,True,False,False,False,0,-0.012616565236511978,0.9733236594716759,0.02588987086428924,0.08011862540852258,0
2022v5.0,2024-05-11T14:24:59-05:00,2022-07-01,2023-06-30,2022,943214597,WASHINGTON POISON CENTER,155 NE 100TH ST SUITE 100,,SEATTLE,WA,98125,"TO PREVENT AND REDUCE HARM FROM POISONING THROUGH EXPERTISE, COLLABORATION, AND EDUCATION.",1993.0,WWW.WAPC.ORG,48,18.0,4526823,339221,26138,0,4892182,0,4609462,5500107,4346455.0,3834629,348232.0,444331,3998223.0,3390298,2024,202401329349300235,202401329349300235_public.xml,2024_TEOS_XML_05A.zip,data/raw/form990_xml/2024/202401329349300235_public.xml,-607925,-511826.0,-607925.0,2023,365,False,False,True,False,False,False,0,-0.12426459195508262,0.9253177825354821,0.06933940724200367,0.11587326961747799,0
2021v4.2,2022-10-06T10:06:58-05:00,2021-01-01,2021-12-31,2021,943253342,LIFECENTER NORTHWEST,3650 131ST AVE SE 200,,BELLEVUE,WA,98006,DEDICATED TO SAVING AND HEALING LIVES THROUGH THE RECOVERY OF ORGANS AND TISSUES FOR TRANSPLANT.,1996.0,WWW.LCNW.ORG,266,150.0,665654,52652690,127996,32860,53479200,0,21532956,50763460,34900157.0,39885058,8663305.0,11055041,26236852.0,28830017,2022,202232799349300338,202232799349300338_public.xml,2022_TEOS_XML_01A.zip,data/raw/form990_xml/2022/202232799349300338_public.xml,2715740,4984901.0,2593165.0,2021,365,False,False,True,False,False,False,0,0.050781238313213364,0.012446970036948944,0.9845452063606037,0.27717249402019173,0
2022v5.0,2023-10-23T18:13:22-05:00,2022-01-01,2022-12-31,2022,943253342,LIFECENTER NORTHWEST,3650 131ST AVE SE 200,,BELLEVUE,WA,98006,DEDICATED TO SAVING AND HEALING LIVES THROUGH THE RECOVERY OF ORGANS AND TISSUES FOR TRANSPLANT.,1996.0,WWW.LCNW.ORG,278,120.0,620837,55041076,-15654,15844,55662103,0,24239069,54926362,39885058.0,40023013,11055041.0,10283700,28830017.0,29739313,2023,202322969349301912,202322969349301912_public.xml,2023_TEOS_XML_10A.zip,data/raw/form990_xml/2023/202322969349301912_public.xml,735741,137955.0,909296.0,2022,365,False,False,True,False,False,False,0,0.013217987829169876,0.01115367488001666,0.9888429116664887,0.2569446733058303,0
2023v5.1,2024-11-11T18:12:25-06:00,2023-01-01,2023-12-31,2023,943253342,LIFECENTER NORTHWEST,3650 131ST AVE SE 200,,BELLEVUE,WA,98006,DEDICATED TO SAVING AND HEALING LIVES THROUGH THE RECOVERY OF ORGANS AND TISSUES FOR TRANSPLANT.,1996.0,WWW.LCNW.ORG,417,170.0,607506,77778579,1040518,23231,79449834,0,31701602,72606506,40023013.0,50016608,10283700.0,13051612,29739313.0,36964996,2024,202443169349306414,202443169349306414_public.xml,2024_TEOS_XML_11A.zip,data/raw/form990_xml/2024/202443169349306414_public.xml,6843328,9993595.0,7225683.0,2023,365,False,False,True,False,False,False,0,0.08613394963166317,0.007646409934600996,0.9789646508260798,0.260945564321355,0
2020v4.1,2022-02-01T07:28:45-08:00,2020-07-01,2021-06-30,2020,946129010,PACIFIC COAST REPRODUCTIVE SOCIETY,2150 N 107TH STREET,,SEATTLE,WA,98133,CONTINUING MEDICAL EDUCATION,1954.0,WWW.PCRSONLINE.ORG,0,0.0,118395,95245,200,0,213840,0,0,300182,1232619.0,1597038,15034.0,57019,1217585.0,1540019,2022,202240329349300219,202240329349300219_public.xml,2022_TEOS_XML_01A.zip,data/raw/form990_xml/2022/202240329349300219_public.xml,-86342,364419.0,322434.0,2021,365,False,False,True,False,False,False,0,-0.40376917321361766,0.5536616161616161,0.4454031051253273,0.03570297012344102,0
2021v4.1,2023-04-18T14:03:23-07:00,2021-07-01,2022-06-30,2021,946129010,PACIFIC COAST REPRODUCTIVE SOCIETY,2150 N 107TH STREET,,SEATTLE,WA,98133,CONTINUING MEDICAL EDUCATION,1954.0,WWW.PCRSONLINE.ORG,0,0.0,67184,778059,9,0,845252,81233,0,753761,1597038.0,1374402,57019.0,94168,1540019.0,1280234,2023,202311089349301636,202311089349301636_public.xml,2023_TEOS_XML_04A.zip,data/raw/form990_xml/2023/202311089349301636_public.xml,91491,-222636.0,-259785.0,2022,365,False,False,True,False,False,False,0,0.10824109259723727,0.07948398820706724,0.9205053640807712,0.06851561624619289,0
2022v5.0,2023-12-19T09:40:45-08:00,2022-07-01,2023-06-30,2022,946129010,PACIFIC COAST REPRODUCTIVE SOCIETY,2150 N 107TH STREET,,SEATTLE,WA,98133,CONTINUING MEDICAL EDUCATION,1954.0,WWW.PCRSONLINE.ORG,0,0.0,61060,801300,51,0,862411,81481,0,767219,1374402.0,1496052,94168.0,31152,1280234.0,1464900,2023,202323539349301302,202323539349301302_public.xml,2023_TEOS_XML_12A.zip,data/raw/form990_xml/2023/202323539349301302_public.xml,95192,121650.0,184666.0,2023,365,False,False,True,False,False,False,0,0.1103789260572975,0.07080150879337115,0.9291393546696413,0.02082280562440343,0
